solid OpenSCAD_Model
  facet normal 0.0653771 -0.997861 0
    outer loop
      vertex 165.6 -14.6 0
      vertex 165.861 -14.5829 9.6
      vertex 165.6 -14.6 9.6
    endloop
  endfacet
  facet normal 0.0653771 -0.997861 0
    outer loop
      vertex 165.861 -14.5829 9.6
      vertex 165.6 -14.6 0
      vertex 165.861 -14.5829 0
    endloop
  endfacet
  facet normal 0.195015 -0.9808 0
    outer loop
      vertex 165.861 -14.5829 0
      vertex 166.118 -14.5318 9.6
      vertex 165.861 -14.5829 9.6
    endloop
  endfacet
  facet normal 0.195015 -0.9808 0
    outer loop
      vertex 166.118 -14.5318 9.6
      vertex 165.861 -14.5829 0
      vertex 166.118 -14.5318 0
    endloop
  endfacet
  facet normal -0 0 1
    outer loop
      vertex -2.59999 15.5 9.6
      vertex -0.399994 -11.8 9.6
      vertex -0.399994 15.5 9.6
    endloop
  endfacet
  facet normal 0 -0 1
    outer loop
      vertex -2.58289 -12.861 9.6
      vertex -0.399994 -11.8 9.6
      vertex -2.59999 -12.6 9.6
    endloop
  endfacet
  facet normal 0 0 1
    outer loop
      vertex -0.399994 -11.8 9.6
      vertex -0.861038 -14.5829 9.6
      vertex -0.599991 -14.6 9.6
    endloop
  endfacet
  facet normal 0 0 1
    outer loop
      vertex -0.399994 -11.8 9.6
      vertex -1.11763 -14.5318 9.6
      vertex -0.861038 -14.5829 9.6
    endloop
  endfacet
  facet normal 0 0 1
    outer loop
      vertex -0.399994 -11.8 9.6
      vertex -1.36536 -14.4478 9.6
      vertex -1.11763 -14.5318 9.6
    endloop
  endfacet
  facet normal 0 0 1
    outer loop
      vertex -0.399994 -11.8 9.6
      vertex -1.59999 -14.332 9.6
      vertex -1.36536 -14.4478 9.6
    endloop
  endfacet
  facet normal 0 0 1
    outer loop
      vertex -0.399994 -11.8 9.6
      vertex -1.81752 -14.1867 9.6
      vertex -1.59999 -14.332 9.6
    endloop
  endfacet
  facet normal 0 0 1
    outer loop
      vertex -0.399994 -11.8 9.6
      vertex -2.01421 -14.0142 9.6
      vertex -1.81752 -14.1867 9.6
    endloop
  endfacet
  facet normal 0 0 1
    outer loop
      vertex -0.399994 -11.8 9.6
      vertex -2.18669 -13.8175 9.6
      vertex -2.01421 -14.0142 9.6
    endloop
  endfacet
  facet normal 0 0 1
    outer loop
      vertex -0.399994 -11.8 9.6
      vertex -2.33205 -13.6 9.6
      vertex -2.18669 -13.8175 9.6
    endloop
  endfacet
  facet normal 0 0 1
    outer loop
      vertex -0.399994 -11.8 9.6
      vertex -2.44775 -13.3654 9.6
      vertex -2.33205 -13.6 9.6
    endloop
  endfacet
  facet normal 0 0 1
    outer loop
      vertex -0.399994 -11.8 9.6
      vertex -2.53185 -13.1176 9.6
      vertex -2.44775 -13.3654 9.6
    endloop
  endfacet
  facet normal 0 0 1
    outer loop
      vertex -0.399994 -11.8 9.6
      vertex -2.59999 15.5 9.6
      vertex -2.59999 -12.6 9.6
    endloop
  endfacet
  facet normal 0 0 1
    outer loop
      vertex -0.399994 -11.8 9.6
      vertex -2.58289 -12.861 9.6
      vertex -2.53185 -13.1176 9.6
    endloop
  endfacet
  facet normal -0 0 1
    outer loop
      vertex 165.4 -11.8 9.6
      vertex 167.6 -12.6 9.6
      vertex 167.6 0 9.6
    endloop
  endfacet
  facet normal -0 0 1
    outer loop
      vertex 165.395 -11.8783 9.6
      vertex 167.6 -12.6 9.6
      vertex 165.4 -11.8 9.6
    endloop
  endfacet
  facet normal -0 0 1
    outer loop
      vertex 165.38 -11.9553 9.6
      vertex 167.6 -12.6 9.6
      vertex 165.395 -11.8783 9.6
    endloop
  endfacet
  facet normal -0 0 1
    outer loop
      vertex 165.354 -12.0296 9.6
      vertex 167.6 -12.6 9.6
      vertex 165.38 -11.9553 9.6
    endloop
  endfacet
  facet normal -0 0 1
    outer loop
      vertex 165.32 -12.1 9.6
      vertex 167.6 -12.6 9.6
      vertex 165.354 -12.0296 9.6
    endloop
  endfacet
  facet normal 0 0 1
    outer loop
      vertex 167.6 -12.6 9.6
      vertex 165.32 -12.1 9.6
      vertex 167.583 -12.861 9.6
    endloop
  endfacet
  facet normal 0 0 1
    outer loop
      vertex 167.583 -12.861 9.6
      vertex 165.32 -12.1 9.6
      vertex 167.532 -13.1176 9.6
    endloop
  endfacet
  facet normal -0 0 1
    outer loop
      vertex 165.276 -12.1652 9.6
      vertex 167.532 -13.1176 9.6
      vertex 165.32 -12.1 9.6
    endloop
  endfacet
  facet normal 0 0 1
    outer loop
      vertex 167.532 -13.1176 9.6
      vertex 165.276 -12.1652 9.6
      vertex 167.448 -13.3654 9.6
    endloop
  endfacet
  facet normal 0 0 1
    outer loop
      vertex 167.448 -13.3654 9.6
      vertex 165.276 -12.1652 9.6
      vertex 167.332 -13.6 9.6
    endloop
  endfacet
  facet normal 0 0 1
    outer loop
      vertex 167.332 -13.6 9.6
      vertex 165.276 -12.1652 9.6
      vertex 167.187 -13.8175 9.6
    endloop
  endfacet
  facet normal -0 0 1
    outer loop
      vertex 165.224 -12.2243 9.6
      vertex 167.187 -13.8175 9.6
      vertex 165.276 -12.1652 9.6
    endloop
  endfacet
  facet normal 0 0 1
    outer loop
      vertex 165.4 -11.8 9.6
      vertex 167.6 0 9.6
      vertex 165.4 0 9.6
    endloop
  endfacet
  facet normal 0 0 1
    outer loop
      vertex 167.187 -13.8175 9.6
      vertex 165.224 -12.2243 9.6
      vertex 167.014 -14.0142 9.6
    endloop
  endfacet
  facet normal 0 0 1
    outer loop
      vertex 167.014 -14.0142 9.6
      vertex 165.224 -12.2243 9.6
      vertex 166.818 -14.1867 9.6
    endloop
  endfacet
  facet normal -0 0 1
    outer loop
      vertex 165.165 -12.276 9.6
      vertex 166.818 -14.1867 9.6
      vertex 165.224 -12.2243 9.6
    endloop
  endfacet
  facet normal 0 0 1
    outer loop
      vertex 166.818 -14.1867 9.6
      vertex 165.165 -12.276 9.6
      vertex 166.6 -14.332 9.6
    endloop
  endfacet
  facet normal 0 0 1
    outer loop
      vertex 166.6 -14.332 9.6
      vertex 165.165 -12.276 9.6
      vertex 166.365 -14.4478 9.6
    endloop
  endfacet
  facet normal 0 0 1
    outer loop
      vertex 166.365 -14.4478 9.6
      vertex 165.165 -12.276 9.6
      vertex 166.118 -14.5318 9.6
    endloop
  endfacet
  facet normal -0 0 1
    outer loop
      vertex 165.1 -12.3196 9.6
      vertex 166.118 -14.5318 9.6
      vertex 165.165 -12.276 9.6
    endloop
  endfacet
  facet normal 0 0 1
    outer loop
      vertex 166.118 -14.5318 9.6
      vertex 165.1 -12.3196 9.6
      vertex 165.861 -14.5829 9.6
    endloop
  endfacet
  facet normal 0 0 1
    outer loop
      vertex 165.861 -14.5829 9.6
      vertex 165.1 -12.3196 9.6
      vertex 165.6 -14.6 9.6
    endloop
  endfacet
  facet normal -0 0 1
    outer loop
      vertex 165.03 -12.3543 9.6
      vertex 165.6 -14.6 9.6
      vertex 165.1 -12.3196 9.6
    endloop
  endfacet
  facet normal -0 0 1
    outer loop
      vertex 164.955 -12.3795 9.6
      vertex 165.6 -14.6 9.6
      vertex 165.03 -12.3543 9.6
    endloop
  endfacet
  facet normal -0 0 1
    outer loop
      vertex 164.878 -12.3949 9.6
      vertex 165.6 -14.6 9.6
      vertex 164.955 -12.3795 9.6
    endloop
  endfacet
  facet normal -0 0 1
    outer loop
      vertex 164.8 -12.4 9.6
      vertex 165.6 -14.6 9.6
      vertex 164.878 -12.3949 9.6
    endloop
  endfacet
  facet normal -0 0 1
    outer loop
      vertex 0.200012 -12.4 9.6
      vertex 165.6 -14.6 9.6
      vertex 164.8 -12.4 9.6
    endloop
  endfacet
  facet normal 0 0 1
    outer loop
      vertex 0.200012 -12.4 9.6
      vertex -0.599991 -14.6 9.6
      vertex 165.6 -14.6 9.6
    endloop
  endfacet
  facet normal 0 0 1
    outer loop
      vertex 0.121704 -12.3949 9.6
      vertex -0.599991 -14.6 9.6
      vertex 0.200012 -12.4 9.6
    endloop
  endfacet
  facet normal 0 0 1
    outer loop
      vertex 0.0447235 -12.3795 9.6
      vertex -0.599991 -14.6 9.6
      vertex 0.121704 -12.3949 9.6
    endloop
  endfacet
  facet normal 0 0 1
    outer loop
      vertex -0.0296021 -12.3543 9.6
      vertex -0.599991 -14.6 9.6
      vertex 0.0447235 -12.3795 9.6
    endloop
  endfacet
  facet normal 0 0 1
    outer loop
      vertex -0.0999908 -12.3196 9.6
      vertex -0.599991 -14.6 9.6
      vertex -0.0296021 -12.3543 9.6
    endloop
  endfacet
  facet normal 0 0 1
    outer loop
      vertex -0.165237 -12.276 9.6
      vertex -0.599991 -14.6 9.6
      vertex -0.0999908 -12.3196 9.6
    endloop
  endfacet
  facet normal 0 0 1
    outer loop
      vertex -0.224258 -12.2243 9.6
      vertex -0.599991 -14.6 9.6
      vertex -0.165237 -12.276 9.6
    endloop
  endfacet
  facet normal 0 0 1
    outer loop
      vertex -0.276001 -12.1652 9.6
      vertex -0.599991 -14.6 9.6
      vertex -0.224258 -12.2243 9.6
    endloop
  endfacet
  facet normal 0 0 1
    outer loop
      vertex -0.319611 -12.1 9.6
      vertex -0.599991 -14.6 9.6
      vertex -0.276001 -12.1652 9.6
    endloop
  endfacet
  facet normal 0 0 1
    outer loop
      vertex -0.354309 -12.0296 9.6
      vertex -0.599991 -14.6 9.6
      vertex -0.319611 -12.1 9.6
    endloop
  endfacet
  facet normal 0 0 1
    outer loop
      vertex -0.379547 -11.9553 9.6
      vertex -0.599991 -14.6 9.6
      vertex -0.354309 -12.0296 9.6
    endloop
  endfacet
  facet normal 0 0 1
    outer loop
      vertex -0.394852 -11.8783 9.6
      vertex -0.599991 -14.6 9.6
      vertex -0.379547 -11.9553 9.6
    endloop
  endfacet
  facet normal 0 0 1
    outer loop
      vertex -0.599991 -14.6 9.6
      vertex -0.394852 -11.8783 9.6
      vertex -0.399994 -11.8 9.6
    endloop
  endfacet
  facet normal 0 0 1
    outer loop
      vertex 167.6 112.6 9.6
      vertex 165.395 111.878 9.6
      vertex 165.4 111.8 9.6
    endloop
  endfacet
  facet normal 0 0 1
    outer loop
      vertex 165.861 114.583 9.6
      vertex 165.38 111.955 9.6
      vertex 165.395 111.878 9.6
    endloop
  endfacet
  facet normal 0 0 1
    outer loop
      vertex 165.861 114.583 9.6
      vertex 165.354 112.03 9.6
      vertex 165.38 111.955 9.6
    endloop
  endfacet
  facet normal 0 0 1
    outer loop
      vertex 165.861 114.583 9.6
      vertex 165.32 112.1 9.6
      vertex 165.354 112.03 9.6
    endloop
  endfacet
  facet normal 0 0 1
    outer loop
      vertex 165.861 114.583 9.6
      vertex 165.276 112.165 9.6
      vertex 165.32 112.1 9.6
    endloop
  endfacet
  facet normal 0 0 1
    outer loop
      vertex 165.861 114.583 9.6
      vertex 165.224 112.224 9.6
      vertex 165.276 112.165 9.6
    endloop
  endfacet
  facet normal 0 0 1
    outer loop
      vertex 165.861 114.583 9.6
      vertex 165.165 112.276 9.6
      vertex 165.224 112.224 9.6
    endloop
  endfacet
  facet normal 0 0 1
    outer loop
      vertex 165.861 114.583 9.6
      vertex 165.1 112.32 9.6
      vertex 165.165 112.276 9.6
    endloop
  endfacet
  facet normal 0 0 1
    outer loop
      vertex 165.6 114.6 9.6
      vertex 165.03 112.354 9.6
      vertex 165.1 112.32 9.6
    endloop
  endfacet
  facet normal 0 0 1
    outer loop
      vertex 165.6 114.6 9.6
      vertex 164.955 112.38 9.6
      vertex 165.03 112.354 9.6
    endloop
  endfacet
  facet normal 0 0 1
    outer loop
      vertex 165.6 114.6 9.6
      vertex 164.878 112.395 9.6
      vertex 164.955 112.38 9.6
    endloop
  endfacet
  facet normal 0 0 1
    outer loop
      vertex 165.6 114.6 9.6
      vertex 164.8 112.4 9.6
      vertex 164.878 112.395 9.6
    endloop
  endfacet
  facet normal 0 0 1
    outer loop
      vertex 165.6 114.6 9.6
      vertex 0.200012 112.4 9.6
      vertex 164.8 112.4 9.6
    endloop
  endfacet
  facet normal -0 0 1
    outer loop
      vertex -0.599991 114.6 9.6
      vertex 0.200012 112.4 9.6
      vertex 165.6 114.6 9.6
    endloop
  endfacet
  facet normal 0 0 1
    outer loop
      vertex -0.599991 114.6 9.6
      vertex 0.121704 112.395 9.6
      vertex 0.200012 112.4 9.6
    endloop
  endfacet
  facet normal 0 0 1
    outer loop
      vertex -0.599991 114.6 9.6
      vertex 0.0447235 112.38 9.6
      vertex 0.121704 112.395 9.6
    endloop
  endfacet
  facet normal 0 0 1
    outer loop
      vertex -0.599991 114.6 9.6
      vertex -0.0296021 112.354 9.6
      vertex 0.0447235 112.38 9.6
    endloop
  endfacet
  facet normal 0 0 1
    outer loop
      vertex -0.599991 114.6 9.6
      vertex -0.0999908 112.32 9.6
      vertex -0.0296021 112.354 9.6
    endloop
  endfacet
  facet normal -0 0 1
    outer loop
      vertex -0.861038 114.583 9.6
      vertex -0.0999908 112.32 9.6
      vertex -0.599991 114.6 9.6
    endloop
  endfacet
  facet normal -0 0 1
    outer loop
      vertex -1.11763 114.532 9.6
      vertex -0.0999908 112.32 9.6
      vertex -0.861038 114.583 9.6
    endloop
  endfacet
  facet normal 0 0 1
    outer loop
      vertex -0.0999908 112.32 9.6
      vertex -1.11763 114.532 9.6
      vertex -0.165237 112.276 9.6
    endloop
  endfacet
  facet normal -0 0 1
    outer loop
      vertex -1.36536 114.448 9.6
      vertex -0.165237 112.276 9.6
      vertex -1.11763 114.532 9.6
    endloop
  endfacet
  facet normal -0 0 1
    outer loop
      vertex -1.59999 114.332 9.6
      vertex -0.165237 112.276 9.6
      vertex -1.36536 114.448 9.6
    endloop
  endfacet
  facet normal -0 0 1
    outer loop
      vertex -1.81752 114.187 9.6
      vertex -0.165237 112.276 9.6
      vertex -1.59999 114.332 9.6
    endloop
  endfacet
  facet normal 0 0 1
    outer loop
      vertex -0.165237 112.276 9.6
      vertex -1.81752 114.187 9.6
      vertex -0.224258 112.224 9.6
    endloop
  endfacet
  facet normal -0 0 1
    outer loop
      vertex -2.01421 114.014 9.6
      vertex -0.224258 112.224 9.6
      vertex -1.81752 114.187 9.6
    endloop
  endfacet
  facet normal -0 0 1
    outer loop
      vertex -2.18669 113.818 9.6
      vertex -0.224258 112.224 9.6
      vertex -2.01421 114.014 9.6
    endloop
  endfacet
  facet normal 0 0 1
    outer loop
      vertex -0.224258 112.224 9.6
      vertex -2.18669 113.818 9.6
      vertex -0.276001 112.165 9.6
    endloop
  endfacet
  facet normal -0 0 1
    outer loop
      vertex -2.33205 113.6 9.6
      vertex -0.276001 112.165 9.6
      vertex -2.18669 113.818 9.6
    endloop
  endfacet
  facet normal -0 0 1
    outer loop
      vertex -2.44775 113.365 9.6
      vertex -0.276001 112.165 9.6
      vertex -2.33205 113.6 9.6
    endloop
  endfacet
  facet normal -0 0 1
    outer loop
      vertex -2.53185 113.118 9.6
      vertex -0.276001 112.165 9.6
      vertex -2.44775 113.365 9.6
    endloop
  endfacet
  facet normal 0 0 1
    outer loop
      vertex -0.276001 112.165 9.6
      vertex -2.53185 113.118 9.6
      vertex -0.319611 112.1 9.6
    endloop
  endfacet
  facet normal -0 0 1
    outer loop
      vertex -2.58289 112.861 9.6
      vertex -0.319611 112.1 9.6
      vertex -2.53185 113.118 9.6
    endloop
  endfacet
  facet normal -0 0 1
    outer loop
      vertex -2.59999 112.6 9.6
      vertex -0.319611 112.1 9.6
      vertex -2.58289 112.861 9.6
    endloop
  endfacet
  facet normal 0 0 1
    outer loop
      vertex -0.319611 112.1 9.6
      vertex -2.59999 112.6 9.6
      vertex -0.354309 112.03 9.6
    endloop
  endfacet
  facet normal 0 0 1
    outer loop
      vertex -0.354309 112.03 9.6
      vertex -2.59999 112.6 9.6
      vertex -0.379547 111.955 9.6
    endloop
  endfacet
  facet normal 0 0 1
    outer loop
      vertex -0.379547 111.955 9.6
      vertex -2.59999 112.6 9.6
      vertex -0.394852 111.878 9.6
    endloop
  endfacet
  facet normal 0 0 1
    outer loop
      vertex -0.394852 111.878 9.6
      vertex -2.59999 112.6 9.6
      vertex -0.399994 111.8 9.6
    endloop
  endfacet
  facet normal 0 0 1
    outer loop
      vertex -2.59999 77.5 9.6
      vertex -0.399994 111.8 9.6
      vertex -2.59999 112.6 9.6
    endloop
  endfacet
  facet normal 0 0 1
    outer loop
      vertex -0.399994 111.8 9.6
      vertex -2.59999 77.5 9.6
      vertex -0.399994 77.5 9.6
    endloop
  endfacet
  facet normal 0 0 1
    outer loop
      vertex 165.395 111.878 9.6
      vertex 167.6 112.6 9.6
      vertex 167.583 112.861 9.6
    endloop
  endfacet
  facet normal 0 0 1
    outer loop
      vertex 165.395 111.878 9.6
      vertex 167.583 112.861 9.6
      vertex 167.532 113.118 9.6
    endloop
  endfacet
  facet normal 0 0 1
    outer loop
      vertex 165.395 111.878 9.6
      vertex 167.532 113.118 9.6
      vertex 167.448 113.365 9.6
    endloop
  endfacet
  facet normal 0 0 1
    outer loop
      vertex 165.395 111.878 9.6
      vertex 167.448 113.365 9.6
      vertex 167.332 113.6 9.6
    endloop
  endfacet
  facet normal 0 0 1
    outer loop
      vertex 165.395 111.878 9.6
      vertex 167.332 113.6 9.6
      vertex 167.187 113.818 9.6
    endloop
  endfacet
  facet normal 0 0 1
    outer loop
      vertex 165.395 111.878 9.6
      vertex 167.187 113.818 9.6
      vertex 167.014 114.014 9.6
    endloop
  endfacet
  facet normal 0 0 1
    outer loop
      vertex 165.395 111.878 9.6
      vertex 167.014 114.014 9.6
      vertex 166.818 114.187 9.6
    endloop
  endfacet
  facet normal 0 0 1
    outer loop
      vertex 165.395 111.878 9.6
      vertex 166.818 114.187 9.6
      vertex 166.6 114.332 9.6
    endloop
  endfacet
  facet normal 0 0 1
    outer loop
      vertex 165.395 111.878 9.6
      vertex 166.6 114.332 9.6
      vertex 166.365 114.448 9.6
    endloop
  endfacet
  facet normal 0 0 1
    outer loop
      vertex 165.395 111.878 9.6
      vertex 166.365 114.448 9.6
      vertex 166.118 114.532 9.6
    endloop
  endfacet
  facet normal 0 0 1
    outer loop
      vertex 165.395 111.878 9.6
      vertex 166.118 114.532 9.6
      vertex 165.861 114.583 9.6
    endloop
  endfacet
  facet normal 0 0 1
    outer loop
      vertex 165.1 112.32 9.6
      vertex 165.861 114.583 9.6
      vertex 165.6 114.6 9.6
    endloop
  endfacet
  facet normal 0 0 1
    outer loop
      vertex 167.6 112.6 9.6
      vertex 165.4 111.8 9.6
      vertex 167.6 94 9.6
    endloop
  endfacet
  facet normal 0 0 1
    outer loop
      vertex 167.6 94 9.6
      vertex 165.4 111.8 9.6
      vertex 165.4 94 9.6
    endloop
  endfacet
  facet normal -0 0 1
    outer loop
      vertex -2.59999 77.5 9.6
      vertex -0.399994 15.5 9.6
      vertex -0.399994 77.5 9.6
    endloop
  endfacet
  facet normal 0 0 1
    outer loop
      vertex -0.399994 15.5 9.6
      vertex -2.59999 77.5 9.6
      vertex -2.59999 15.5 9.6
    endloop
  endfacet
  facet normal -0.0649847 0.997886 0
    outer loop
      vertex -0.599991 114.6 0
      vertex -0.861038 114.583 9.6
      vertex -0.599991 114.6 9.6
    endloop
  endfacet
  facet normal -0.0649847 0.997886 0
    outer loop
      vertex -0.861038 114.583 9.6
      vertex -0.599991 114.6 0
      vertex -0.861038 114.583 0
    endloop
  endfacet
  facet normal 0.0649964 0.997886 -0
    outer loop
      vertex 165.861 114.583 0
      vertex 165.6 114.6 9.6
      vertex 165.861 114.583 9.6
    endloop
  endfacet
  facet normal 0.0649964 0.997886 0
    outer loop
      vertex 165.6 114.6 9.6
      vertex 165.861 114.583 0
      vertex 165.6 114.6 0
    endloop
  endfacet
  facet normal -0.66044 0.750879 0
    outer loop
      vertex -1.81752 114.187 0
      vertex -2.01421 114.014 9.6
      vertex -1.81752 114.187 9.6
    endloop
  endfacet
  facet normal -0.66044 0.750879 0
    outer loop
      vertex -2.01421 114.014 9.6
      vertex -1.81752 114.187 0
      vertex -2.01421 114.014 0
    endloop
  endfacet
  facet normal -0.659362 -0.751826 0
    outer loop
      vertex -2.01421 -14.0142 0
      vertex -1.81752 -14.1867 9.6
      vertex -2.01421 -14.0142 9.6
    endloop
  endfacet
  facet normal -0.659362 -0.751826 -0
    outer loop
      vertex -1.81752 -14.1867 9.6
      vertex -2.01421 -14.0142 0
      vertex -1.81752 -14.1867 0
    endloop
  endfacet
  facet normal 0 -1 0
    outer loop
      vertex -0.599991 -14.6 0
      vertex 165.6 -14.6 9.6
      vertex -0.599991 -14.6 9.6
    endloop
  endfacet
  facet normal 0 -1 -0
    outer loop
      vertex 165.6 -14.6 9.6
      vertex -0.599991 -14.6 0
      vertex 165.6 -14.6 0
    endloop
  endfacet
  facet normal 0 1 -0
    outer loop
      vertex 165.6 114.6 0
      vertex -0.599991 114.6 9.6
      vertex 165.6 114.6 9.6
    endloop
  endfacet
  facet normal 0 1 0
    outer loop
      vertex -0.599991 114.6 9.6
      vertex 165.6 114.6 0
      vertex -0.599991 114.6 0
    endloop
  endfacet
  facet normal -0.997861 -0.0653771 0
    outer loop
      vertex -2.58289 -12.861 0
      vertex -2.59999 -12.6 9.6
      vertex -2.59999 -12.6 0
    endloop
  endfacet
  facet normal -0.997861 -0.0653771 0
    outer loop
      vertex -2.59999 -12.6 9.6
      vertex -2.58289 -12.861 0
      vertex -2.58289 -12.861 9.6
    endloop
  endfacet
  facet normal -1 0 0
    outer loop
      vertex -2.59999 112.6 0
      vertex -2.59999 77.5 9.6
      vertex -2.59999 112.6 9.6
    endloop
  endfacet
  facet normal -1 0 0
    outer loop
      vertex -2.59999 -12.6 0
      vertex -2.59999 77.5 9.6
      vertex -2.59999 112.6 0
    endloop
  endfacet
  facet normal -1 -0 0
    outer loop
      vertex -2.59999 77.5 9.6
      vertex -2.59999 -12.6 0
      vertex -2.59999 15.5 9.6
    endloop
  endfacet
  facet normal -1 -0 0
    outer loop
      vertex -2.59999 15.5 9.6
      vertex -2.59999 -12.6 0
      vertex -2.59999 -12.6 9.6
    endloop
  endfacet
  facet normal -0.321121 -0.947038 0
    outer loop
      vertex -1.36536 -14.4478 0
      vertex -1.11763 -14.5318 9.6
      vertex -1.36536 -14.4478 9.6
    endloop
  endfacet
  facet normal -0.321121 -0.947038 -0
    outer loop
      vertex -1.11763 -14.5318 9.6
      vertex -1.36536 -14.4478 0
      vertex -1.11763 -14.5318 0
    endloop
  endfacet
  facet normal -0.442575 -0.896731 0
    outer loop
      vertex -1.59999 -14.332 0
      vertex -1.36536 -14.4478 9.6
      vertex -1.59999 -14.332 9.6
    endloop
  endfacet
  facet normal -0.442575 -0.896731 -0
    outer loop
      vertex -1.36536 -14.4478 9.6
      vertex -1.59999 -14.332 0
      vertex -1.36536 -14.4478 0
    endloop
  endfacet
  facet normal 1 0 0
    outer loop
      vertex 167.6 0 9.6
      vertex 167.6 -12.6 9.6
      vertex 167.6 0 3.5
    endloop
  endfacet
  facet normal 1 0 0
    outer loop
      vertex 167.6 94 3.5
      vertex 167.6 112.6 9.6
      vertex 167.6 94 9.6
    endloop
  endfacet
  facet normal 1 0 0
    outer loop
      vertex 167.6 112.6 9.6
      vertex 167.6 94 3.5
      vertex 167.6 112.6 0
    endloop
  endfacet
  facet normal 1 0 0
    outer loop
      vertex 167.6 -12.6 0
      vertex 167.6 94 3.5
      vertex 167.6 0 3.5
    endloop
  endfacet
  facet normal 1 0 0
    outer loop
      vertex 167.6 94 3.5
      vertex 167.6 -12.6 0
      vertex 167.6 112.6 0
    endloop
  endfacet
  facet normal 1 0 0
    outer loop
      vertex 167.6 -12.6 0
      vertex 167.6 0 3.5
      vertex 167.6 -12.6 9.6
    endloop
  endfacet
  facet normal 0.661748 0.749726 -0
    outer loop
      vertex 167.014 114.014 0
      vertex 166.818 114.187 9.6
      vertex 167.014 114.014 9.6
    endloop
  endfacet
  facet normal 0.661748 0.749726 0
    outer loop
      vertex 166.818 114.187 9.6
      vertex 167.014 114.014 0
      vertex 166.818 114.187 0
    endloop
  endfacet
  facet normal -0.997861 0.0653771 0
    outer loop
      vertex -2.59999 112.6 0
      vertex -2.58289 112.861 9.6
      vertex -2.58289 112.861 0
    endloop
  endfacet
  facet normal -0.997861 0.0653771 0
    outer loop
      vertex -2.58289 112.861 9.6
      vertex -2.59999 112.6 0
      vertex -2.59999 112.6 9.6
    endloop
  endfacet
  facet normal -0.831415 -0.555653 0
    outer loop
      vertex -2.18669 -13.8175 0
      vertex -2.33205 -13.6 9.6
      vertex -2.33205 -13.6 0
    endloop
  endfacet
  facet normal -0.831415 -0.555653 0
    outer loop
      vertex -2.33205 -13.6 9.6
      vertex -2.18669 -13.8175 0
      vertex -2.18669 -13.8175 9.6
    endloop
  endfacet
  facet normal -0.0653654 -0.997861 0
    outer loop
      vertex -0.861038 -14.5829 0
      vertex -0.599991 -14.6 9.6
      vertex -0.861038 -14.5829 9.6
    endloop
  endfacet
  facet normal -0.0653654 -0.997861 -0
    outer loop
      vertex -0.599991 -14.6 9.6
      vertex -0.861038 -14.5829 0
      vertex -0.599991 -14.6 0
    endloop
  endfacet
  facet normal 0.554612 -0.832109 0
    outer loop
      vertex 166.6 -14.332 0
      vertex 166.818 -14.1867 9.6
      vertex 166.6 -14.332 9.6
    endloop
  endfacet
  facet normal 0.554612 -0.832109 0
    outer loop
      vertex 166.818 -14.1867 9.6
      vertex 166.6 -14.332 0
      vertex 166.818 -14.1867 0
    endloop
  endfacet
  facet normal 0.321971 0.946749 -0
    outer loop
      vertex 166.365 114.448 0
      vertex 166.118 114.532 9.6
      vertex 166.365 114.448 9.6
    endloop
  endfacet
  facet normal 0.321971 0.946749 0
    outer loop
      vertex 166.118 114.532 9.6
      vertex 166.365 114.448 0
      vertex 166.118 114.532 0
    endloop
  endfacet
  facet normal 0.442629 0.896705 -0
    outer loop
      vertex 166.6 114.332 0
      vertex 166.365 114.448 9.6
      vertex 166.6 114.332 9.6
    endloop
  endfacet
  facet normal 0.442629 0.896705 0
    outer loop
      vertex 166.365 114.448 9.6
      vertex 166.6 114.332 0
      vertex 166.365 114.448 0
    endloop
  endfacet
  facet normal 0.553818 0.832637 -0
    outer loop
      vertex 166.818 114.187 0
      vertex 166.6 114.332 9.6
      vertex 166.818 114.187 9.6
    endloop
  endfacet
  facet normal 0.553818 0.832637 0
    outer loop
      vertex 166.6 114.332 9.6
      vertex 166.818 114.187 0
      vertex 166.6 114.332 0
    endloop
  endfacet
  facet normal -0.44319 0.896428 0
    outer loop
      vertex -1.36536 114.448 0
      vertex -1.59999 114.332 9.6
      vertex -1.36536 114.448 9.6
    endloop
  endfacet
  facet normal -0.44319 0.896428 0
    outer loop
      vertex -1.59999 114.332 9.6
      vertex -1.36536 114.448 0
      vertex -1.59999 114.332 0
    endloop
  endfacet
  facet normal -0.946632 0.322315 0
    outer loop
      vertex -2.53185 113.118 0
      vertex -2.44775 113.365 9.6
      vertex -2.44775 113.365 0
    endloop
  endfacet
  facet normal -0.946632 0.322315 0
    outer loop
      vertex -2.44775 113.365 9.6
      vertex -2.53185 113.118 0
      vertex -2.53185 113.118 9.6
    endloop
  endfacet
  facet normal -0.980844 0.194795 0
    outer loop
      vertex -2.58289 112.861 0
      vertex -2.53185 113.118 9.6
      vertex -2.53185 113.118 0
    endloop
  endfacet
  facet normal -0.980844 0.194795 0
    outer loop
      vertex -2.53185 113.118 9.6
      vertex -2.58289 112.861 0
      vertex -2.58289 112.861 9.6
    endloop
  endfacet
  facet normal -0.555441 -0.831556 0
    outer loop
      vertex -1.81752 -14.1867 0
      vertex -1.59999 -14.332 9.6
      vertex -1.81752 -14.1867 9.6
    endloop
  endfacet
  facet normal -0.555441 -0.831556 -0
    outer loop
      vertex -1.59999 -14.332 9.6
      vertex -1.81752 -14.1867 0
      vertex -1.59999 -14.332 0
    endloop
  endfacet
  facet normal -0.94695 -0.321382 0
    outer loop
      vertex -2.44775 -13.3654 0
      vertex -2.53185 -13.1176 9.6
      vertex -2.53185 -13.1176 0
    endloop
  endfacet
  facet normal -0.94695 -0.321382 0
    outer loop
      vertex -2.53185 -13.1176 9.6
      vertex -2.44775 -13.3654 0
      vertex -2.44775 -13.3654 9.6
    endloop
  endfacet
  facet normal 0 0 -1
    outer loop
      vertex 165.6 -14.6 0
      vertex 167.6 -12.6 0
      vertex 167.583 -12.861 0
    endloop
  endfacet
  facet normal 0 0 -1
    outer loop
      vertex 167.6 -12.6 0
      vertex 159.8 8.2 0
      vertex 167.6 112.6 0
    endloop
  endfacet
  facet normal 0 0 -1
    outer loop
      vertex 165.6 -14.6 0
      vertex 167.583 -12.861 0
      vertex 167.532 -13.1176 0
    endloop
  endfacet
  facet normal 0 0 -1
    outer loop
      vertex 159.8 97.8 0
      vertex 167.6 112.6 0
      vertex 159.8 8.2 0
    endloop
  endfacet
  facet normal 0 0 -1
    outer loop
      vertex 165.6 -14.6 0
      vertex 167.532 -13.1176 0
      vertex 167.448 -13.3654 0
    endloop
  endfacet
  facet normal 0 -0 -1
    outer loop
      vertex 165.6 114.6 0
      vertex 167.6 112.6 0
      vertex 159.8 97.8 0
    endloop
  endfacet
  facet normal 0 0 -1
    outer loop
      vertex 165.6 -14.6 0
      vertex 167.448 -13.3654 0
      vertex 167.332 -13.6 0
    endloop
  endfacet
  facet normal 0 0 -1
    outer loop
      vertex 167.6 112.6 0
      vertex 165.6 114.6 0
      vertex 167.583 112.861 0
    endloop
  endfacet
  facet normal 0 0 -1
    outer loop
      vertex 165.6 -14.6 0
      vertex 167.332 -13.6 0
      vertex 167.187 -13.8175 0
    endloop
  endfacet
  facet normal 0 0 -1
    outer loop
      vertex 167.583 112.861 0
      vertex 165.6 114.6 0
      vertex 167.532 113.118 0
    endloop
  endfacet
  facet normal 0 0 -1
    outer loop
      vertex 165.6 -14.6 0
      vertex 167.187 -13.8175 0
      vertex 167.014 -14.0142 0
    endloop
  endfacet
  facet normal 0 0 -1
    outer loop
      vertex 167.532 113.118 0
      vertex 165.6 114.6 0
      vertex 167.448 113.365 0
    endloop
  endfacet
  facet normal 0 0 -1
    outer loop
      vertex 165.6 -14.6 0
      vertex 167.014 -14.0142 0
      vertex 166.818 -14.1867 0
    endloop
  endfacet
  facet normal 0 0 -1
    outer loop
      vertex 167.448 113.365 0
      vertex 165.6 114.6 0
      vertex 167.332 113.6 0
    endloop
  endfacet
  facet normal 0 0 -1
    outer loop
      vertex 165.6 -14.6 0
      vertex 166.818 -14.1867 0
      vertex 166.6 -14.332 0
    endloop
  endfacet
  facet normal 0 0 -1
    outer loop
      vertex 167.332 113.6 0
      vertex 165.6 114.6 0
      vertex 167.187 113.818 0
    endloop
  endfacet
  facet normal 0 0 -1
    outer loop
      vertex 165.6 -14.6 0
      vertex 166.6 -14.332 0
      vertex 166.365 -14.4478 0
    endloop
  endfacet
  facet normal 0 0 -1
    outer loop
      vertex 167.187 113.818 0
      vertex 165.6 114.6 0
      vertex 167.014 114.014 0
    endloop
  endfacet
  facet normal 0 0 -1
    outer loop
      vertex 165.6 -14.6 0
      vertex 166.365 -14.4478 0
      vertex 166.118 -14.5318 0
    endloop
  endfacet
  facet normal 0 0 -1
    outer loop
      vertex 167.014 114.014 0
      vertex 165.6 114.6 0
      vertex 166.818 114.187 0
    endloop
  endfacet
  facet normal 0 0 -1
    outer loop
      vertex 165.6 -14.6 0
      vertex 166.118 -14.5318 0
      vertex 165.861 -14.5829 0
    endloop
  endfacet
  facet normal 0 0 -1
    outer loop
      vertex 166.818 114.187 0
      vertex 165.6 114.6 0
      vertex 166.6 114.332 0
    endloop
  endfacet
  facet normal -0 0 -1
    outer loop
      vertex 167.6 -12.6 0
      vertex 165.6 -14.6 0
      vertex 159.8 8.2 0
    endloop
  endfacet
  facet normal 0 0 -1
    outer loop
      vertex 166.6 114.332 0
      vertex 165.6 114.6 0
      vertex 166.365 114.448 0
    endloop
  endfacet
  facet normal 0 0 -1
    outer loop
      vertex 166.365 114.448 0
      vertex 165.6 114.6 0
      vertex 166.118 114.532 0
    endloop
  endfacet
  facet normal 0 0 -1
    outer loop
      vertex -0.599991 -14.6 0
      vertex 159.8 8.2 0
      vertex 165.6 -14.6 0
    endloop
  endfacet
  facet normal 0 0 -1
    outer loop
      vertex -2.59999 -12.6 0
      vertex 2.2 8.2 0
      vertex -0.599991 -14.6 0
    endloop
  endfacet
  facet normal -0 0 -1
    outer loop
      vertex 159.8 8.2 0
      vertex -0.599991 -14.6 0
      vertex 2.2 8.2 0
    endloop
  endfacet
  facet normal 0 0 -1
    outer loop
      vertex 166.118 114.532 0
      vertex 165.6 114.6 0
      vertex 165.861 114.583 0
    endloop
  endfacet
  facet normal 0 0 -1
    outer loop
      vertex -0.599991 114.6 0
      vertex 159.8 97.8 0
      vertex 2.2 97.8 0
    endloop
  endfacet
  facet normal 0 0 -1
    outer loop
      vertex 159.8 97.8 0
      vertex -0.599991 114.6 0
      vertex 165.6 114.6 0
    endloop
  endfacet
  facet normal 0 0 -1
    outer loop
      vertex -2.59999 112.6 0
      vertex 2.2 8.2 0
      vertex -2.59999 -12.6 0
    endloop
  endfacet
  facet normal 0 0 -1
    outer loop
      vertex -2.59999 -12.6 0
      vertex -0.599991 -14.6 0
      vertex -0.861038 -14.5829 0
    endloop
  endfacet
  facet normal 0 0 -1
    outer loop
      vertex 2.2 8.2 0
      vertex -2.59999 112.6 0
      vertex 2.2 97.8 0
    endloop
  endfacet
  facet normal 0 0 -1
    outer loop
      vertex -2.59999 -12.6 0
      vertex -0.861038 -14.5829 0
      vertex -1.11763 -14.5318 0
    endloop
  endfacet
  facet normal 0 0 -1
    outer loop
      vertex 2.2 97.8 0
      vertex -2.59999 112.6 0
      vertex -0.599991 114.6 0
    endloop
  endfacet
  facet normal 0 0 -1
    outer loop
      vertex -2.59999 -12.6 0
      vertex -1.11763 -14.5318 0
      vertex -1.36536 -14.4478 0
    endloop
  endfacet
  facet normal 0 0 -1
    outer loop
      vertex -0.599991 114.6 0
      vertex -2.59999 112.6 0
      vertex -0.861038 114.583 0
    endloop
  endfacet
  facet normal 0 0 -1
    outer loop
      vertex -2.59999 -12.6 0
      vertex -1.36536 -14.4478 0
      vertex -1.59999 -14.332 0
    endloop
  endfacet
  facet normal 0 0 -1
    outer loop
      vertex -0.861038 114.583 0
      vertex -2.59999 112.6 0
      vertex -1.11763 114.532 0
    endloop
  endfacet
  facet normal 0 0 -1
    outer loop
      vertex -2.59999 -12.6 0
      vertex -1.59999 -14.332 0
      vertex -1.81752 -14.1867 0
    endloop
  endfacet
  facet normal 0 0 -1
    outer loop
      vertex -1.11763 114.532 0
      vertex -2.59999 112.6 0
      vertex -1.36536 114.448 0
    endloop
  endfacet
  facet normal 0 0 -1
    outer loop
      vertex -2.59999 -12.6 0
      vertex -1.81752 -14.1867 0
      vertex -2.01421 -14.0142 0
    endloop
  endfacet
  facet normal 0 0 -1
    outer loop
      vertex -1.36536 114.448 0
      vertex -2.59999 112.6 0
      vertex -1.59999 114.332 0
    endloop
  endfacet
  facet normal 0 0 -1
    outer loop
      vertex -2.59999 -12.6 0
      vertex -2.01421 -14.0142 0
      vertex -2.18669 -13.8175 0
    endloop
  endfacet
  facet normal 0 0 -1
    outer loop
      vertex -1.59999 114.332 0
      vertex -2.59999 112.6 0
      vertex -1.81752 114.187 0
    endloop
  endfacet
  facet normal 0 0 -1
    outer loop
      vertex -2.59999 -12.6 0
      vertex -2.18669 -13.8175 0
      vertex -2.33205 -13.6 0
    endloop
  endfacet
  facet normal 0 0 -1
    outer loop
      vertex -1.81752 114.187 0
      vertex -2.59999 112.6 0
      vertex -2.01421 114.014 0
    endloop
  endfacet
  facet normal 0 0 -1
    outer loop
      vertex -2.59999 -12.6 0
      vertex -2.33205 -13.6 0
      vertex -2.44775 -13.3654 0
    endloop
  endfacet
  facet normal 0 0 -1
    outer loop
      vertex -2.01421 114.014 0
      vertex -2.59999 112.6 0
      vertex -2.18669 113.818 0
    endloop
  endfacet
  facet normal 0 0 -1
    outer loop
      vertex -2.59999 -12.6 0
      vertex -2.44775 -13.3654 0
      vertex -2.53185 -13.1176 0
    endloop
  endfacet
  facet normal 0 0 -1
    outer loop
      vertex -2.18669 113.818 0
      vertex -2.59999 112.6 0
      vertex -2.33205 113.6 0
    endloop
  endfacet
  facet normal 0 0 -1
    outer loop
      vertex -2.59999 -12.6 0
      vertex -2.53185 -13.1176 0
      vertex -2.58289 -12.861 0
    endloop
  endfacet
  facet normal 0 0 -1
    outer loop
      vertex -2.33205 113.6 0
      vertex -2.59999 112.6 0
      vertex -2.44775 113.365 0
    endloop
  endfacet
  facet normal 0 0 -1
    outer loop
      vertex -2.44775 113.365 0
      vertex -2.59999 112.6 0
      vertex -2.53185 113.118 0
    endloop
  endfacet
  facet normal 0 0 -1
    outer loop
      vertex -2.53185 113.118 0
      vertex -2.59999 112.6 0
      vertex -2.58289 112.861 0
    endloop
  endfacet
  facet normal -0.89686 -0.442314 0
    outer loop
      vertex -2.33205 -13.6 0
      vertex -2.44775 -13.3654 9.6
      vertex -2.44775 -13.3654 0
    endloop
  endfacet
  facet normal -0.89686 -0.442314 0
    outer loop
      vertex -2.44775 -13.3654 9.6
      vertex -2.33205 -13.6 0
      vertex -2.33205 -13.6 9.6
    endloop
  endfacet
  facet normal -0.195313 -0.980741 0
    outer loop
      vertex -1.11763 -14.5318 0
      vertex -0.861038 -14.5829 9.6
      vertex -1.11763 -14.5318 9.6
    endloop
  endfacet
  facet normal -0.195313 -0.980741 -0
    outer loop
      vertex -0.861038 -14.5829 9.6
      vertex -1.11763 -14.5318 0
      vertex -0.861038 -14.5829 0
    endloop
  endfacet
  facet normal 0.321971 -0.946749 0
    outer loop
      vertex 166.118 -14.5318 0
      vertex 166.365 -14.4478 9.6
      vertex 166.118 -14.5318 9.6
    endloop
  endfacet
  facet normal 0.321971 -0.946749 0
    outer loop
      vertex 166.365 -14.4478 9.6
      vertex 166.118 -14.5318 0
      vertex 166.365 -14.4478 0
    endloop
  endfacet
  facet normal 0.194648 0.980873 -0
    outer loop
      vertex 166.118 114.532 0
      vertex 165.861 114.583 9.6
      vertex 166.118 114.532 9.6
    endloop
  endfacet
  facet normal 0.194648 0.980873 0
    outer loop
      vertex 165.861 114.583 9.6
      vertex 166.118 114.532 0
      vertex 165.861 114.583 0
    endloop
  endfacet
  facet normal -0.554647 0.832086 0
    outer loop
      vertex -1.59999 114.332 0
      vertex -1.81752 114.187 9.6
      vertex -1.59999 114.332 9.6
    endloop
  endfacet
  facet normal -0.554647 0.832086 0
    outer loop
      vertex -1.81752 114.187 9.6
      vertex -1.59999 114.332 0
      vertex -1.81752 114.187 0
    endloop
  endfacet
  facet normal -0.897159 0.441708 0
    outer loop
      vertex -2.44775 113.365 0
      vertex -2.33205 113.6 9.6
      vertex -2.33205 113.6 0
    endloop
  endfacet
  facet normal -0.897159 0.441708 0
    outer loop
      vertex -2.33205 113.6 9.6
      vertex -2.44775 113.365 0
      vertex -2.44775 113.365 9.6
    endloop
  endfacet
  facet normal -0.75188 -0.6593 0
    outer loop
      vertex -2.01421 -14.0142 0
      vertex -2.18669 -13.8175 9.6
      vertex -2.18669 -13.8175 0
    endloop
  endfacet
  facet normal -0.75188 -0.6593 0
    outer loop
      vertex -2.18669 -13.8175 9.6
      vertex -2.01421 -14.0142 0
      vertex -2.01421 -14.0142 9.6
    endloop
  endfacet
  facet normal -0.980786 -0.195087 0
    outer loop
      vertex -2.53185 -13.1176 0
      vertex -2.58289 -12.861 9.6
      vertex -2.58289 -12.861 0
    endloop
  endfacet
  facet normal -0.980786 -0.195087 0
    outer loop
      vertex -2.58289 -12.861 9.6
      vertex -2.53185 -13.1176 0
      vertex -2.53185 -13.1176 9.6
    endloop
  endfacet
  facet normal 0.896705 0.442629 0
    outer loop
      vertex 167.448 113.365 9.6
      vertex 167.332 113.6 0
      vertex 167.332 113.6 9.6
    endloop
  endfacet
  facet normal 0.896705 0.442629 0
    outer loop
      vertex 167.332 113.6 0
      vertex 167.448 113.365 9.6
      vertex 167.448 113.365 0
    endloop
  endfacet
  facet normal 0.997886 -0.0649964 0
    outer loop
      vertex 167.583 -12.861 9.6
      vertex 167.6 -12.6 0
      vertex 167.6 -12.6 9.6
    endloop
  endfacet
  facet normal 0.997886 -0.0649964 0
    outer loop
      vertex 167.6 -12.6 0
      vertex 167.583 -12.861 9.6
      vertex 167.583 -12.861 0
    endloop
  endfacet
  facet normal 0.750895 -0.660421 0
    outer loop
      vertex 167.014 -14.0142 9.6
      vertex 167.187 -13.8175 0
      vertex 167.187 -13.8175 9.6
    endloop
  endfacet
  facet normal 0.750895 -0.660421 0
    outer loop
      vertex 167.187 -13.8175 0
      vertex 167.014 -14.0142 9.6
      vertex 167.014 -14.0142 0
    endloop
  endfacet
  facet normal 0.442015 -0.897008 0
    outer loop
      vertex 166.365 -14.4478 0
      vertex 166.6 -14.332 9.6
      vertex 166.365 -14.4478 9.6
    endloop
  endfacet
  facet normal 0.442015 -0.897008 0
    outer loop
      vertex 166.6 -14.332 9.6
      vertex 166.365 -14.4478 0
      vertex 166.6 -14.332 0
    endloop
  endfacet
  facet normal -0.321121 0.947038 0
    outer loop
      vertex -1.11763 114.532 0
      vertex -1.36536 114.448 9.6
      vertex -1.11763 114.532 9.6
    endloop
  endfacet
  facet normal -0.321121 0.947038 0
    outer loop
      vertex -1.36536 114.448 9.6
      vertex -1.11763 114.532 0
      vertex -1.36536 114.448 0
    endloop
  endfacet
  facet normal -0.194946 0.980814 0
    outer loop
      vertex -0.861038 114.583 0
      vertex -1.11763 114.532 9.6
      vertex -0.861038 114.583 9.6
    endloop
  endfacet
  facet normal -0.194946 0.980814 0
    outer loop
      vertex -1.11763 114.532 9.6
      vertex -0.861038 114.583 0
      vertex -1.11763 114.532 0
    endloop
  endfacet
  facet normal -0.750714 0.660628 0
    outer loop
      vertex -2.18669 113.818 0
      vertex -2.01421 114.014 9.6
      vertex -2.01421 114.014 0
    endloop
  endfacet
  facet normal -0.750714 0.660628 0
    outer loop
      vertex -2.01421 114.014 9.6
      vertex -2.18669 113.818 0
      vertex -2.18669 113.818 9.6
    endloop
  endfacet
  facet normal -0.832003 0.554771 0
    outer loop
      vertex -2.33205 113.6 0
      vertex -2.18669 113.818 9.6
      vertex -2.18669 113.818 0
    endloop
  endfacet
  facet normal -0.832003 0.554771 0
    outer loop
      vertex -2.18669 113.818 9.6
      vertex -2.33205 113.6 0
      vertex -2.33205 113.6 9.6
    endloop
  endfacet
  facet normal 0.749726 0.661748 0
    outer loop
      vertex 167.187 113.818 9.6
      vertex 167.014 114.014 0
      vertex 167.014 114.014 9.6
    endloop
  endfacet
  facet normal 0.749726 0.661748 0
    outer loop
      vertex 167.014 114.014 0
      vertex 167.187 113.818 9.6
      vertex 167.187 113.818 0
    endloop
  endfacet
  facet normal 0.832637 0.553818 0
    outer loop
      vertex 167.332 113.6 9.6
      vertex 167.187 113.818 0
      vertex 167.187 113.818 9.6
    endloop
  endfacet
  facet normal 0.832637 0.553818 0
    outer loop
      vertex 167.187 113.818 0
      vertex 167.332 113.6 9.6
      vertex 167.332 113.6 0
    endloop
  endfacet
  facet normal 0.980873 0.194648 0
    outer loop
      vertex 167.583 112.861 9.6
      vertex 167.532 113.118 0
      vertex 167.532 113.118 9.6
    endloop
  endfacet
  facet normal 0.980873 0.194648 0
    outer loop
      vertex 167.532 113.118 0
      vertex 167.583 112.861 9.6
      vertex 167.583 112.861 0
    endloop
  endfacet
  facet normal 0.997886 0.0649964 0
    outer loop
      vertex 167.6 112.6 9.6
      vertex 167.583 112.861 0
      vertex 167.583 112.861 9.6
    endloop
  endfacet
  facet normal 0.997886 0.0649964 0
    outer loop
      vertex 167.583 112.861 0
      vertex 167.6 112.6 9.6
      vertex 167.6 112.6 0
    endloop
  endfacet
  facet normal 0.946749 0.321971 0
    outer loop
      vertex 167.532 113.118 9.6
      vertex 167.448 113.365 0
      vertex 167.448 113.365 9.6
    endloop
  endfacet
  facet normal 0.946749 0.321971 0
    outer loop
      vertex 167.448 113.365 0
      vertex 167.532 113.118 9.6
      vertex 167.532 113.118 0
    endloop
  endfacet
  facet normal 0.947066 -0.321039 0
    outer loop
      vertex 167.448 -13.3654 9.6
      vertex 167.532 -13.1176 0
      vertex 167.532 -13.1176 9.6
    endloop
  endfacet
  facet normal 0.947066 -0.321039 0
    outer loop
      vertex 167.532 -13.1176 0
      vertex 167.448 -13.3654 9.6
      vertex 167.448 -13.3654 0
    endloop
  endfacet
  facet normal 0.660671 -0.750676 0
    outer loop
      vertex 166.818 -14.1867 0
      vertex 167.014 -14.0142 9.6
      vertex 166.818 -14.1867 9.6
    endloop
  endfacet
  facet normal 0.660671 -0.750676 0
    outer loop
      vertex 167.014 -14.0142 9.6
      vertex 166.818 -14.1867 0
      vertex 167.014 -14.0142 0
    endloop
  endfacet
  facet normal 0.896405 -0.443235 0
    outer loop
      vertex 167.332 -13.6 9.6
      vertex 167.448 -13.3654 0
      vertex 167.448 -13.3654 9.6
    endloop
  endfacet
  facet normal 0.896405 -0.443235 0
    outer loop
      vertex 167.448 -13.3654 0
      vertex 167.332 -13.6 9.6
      vertex 167.332 -13.6 0
    endloop
  endfacet
  facet normal 0.83205 -0.5547 0
    outer loop
      vertex 167.187 -13.8175 9.6
      vertex 167.332 -13.6 0
      vertex 167.332 -13.6 9.6
    endloop
  endfacet
  facet normal 0.83205 -0.5547 0
    outer loop
      vertex 167.332 -13.6 0
      vertex 167.187 -13.8175 9.6
      vertex 167.187 -13.8175 0
    endloop
  endfacet
  facet normal 0.980815 -0.19494 0
    outer loop
      vertex 167.532 -13.1176 9.6
      vertex 167.583 -12.861 0
      vertex 167.583 -12.861 9.6
    endloop
  endfacet
  facet normal 0.980815 -0.19494 0
    outer loop
      vertex 167.583 -12.861 0
      vertex 167.532 -13.1176 9.6
      vertex 167.532 -13.1176 0
    endloop
  endfacet
  facet normal -0.318502 0.947922 0
    outer loop
      vertex 165.03 -12.3543 2
      vertex 164.955 -12.3795 9.6
      vertex 165.03 -12.3543 9.6
    endloop
  endfacet
  facet normal -0.318502 0.947922 0
    outer loop
      vertex 164.955 -12.3795 9.6
      vertex 165.03 -12.3543 2
      vertex 164.955 -12.3795 2
    endloop
  endfacet
  facet normal -0.196116 0.980581 0
    outer loop
      vertex 164.955 -12.3795 2
      vertex 164.878 -12.3949 9.6
      vertex 164.955 -12.3795 9.6
    endloop
  endfacet
  facet normal -0.196116 0.980581 0
    outer loop
      vertex 164.878 -12.3949 9.6
      vertex 164.955 -12.3795 2
      vertex 164.878 -12.3949 2
    endloop
  endfacet
  facet normal 1 -0 0
    outer loop
      vertex -0.399994 77.5 9.6
      vertex -0.399994 111.8 2
      vertex -0.399994 111.8 9.6
    endloop
  endfacet
  facet normal 1 0 0
    outer loop
      vertex -0.399994 -11.8 2
      vertex -0.399994 77.5 9.6
      vertex -0.399994 15.5 9.6
    endloop
  endfacet
  facet normal 1 0 0
    outer loop
      vertex -0.399994 -11.8 2
      vertex -0.399994 15.5 9.6
      vertex -0.399994 -11.8 9.6
    endloop
  endfacet
  facet normal 1 0 0
    outer loop
      vertex -0.399994 77.5 9.6
      vertex -0.399994 -11.8 2
      vertex -0.399994 111.8 2
    endloop
  endfacet
  facet normal -0.0652453 0.997869 0
    outer loop
      vertex 164.878 -12.3949 2
      vertex 164.8 -12.4 9.6
      vertex 164.878 -12.3949 9.6
    endloop
  endfacet
  facet normal -0.0652453 0.997869 0
    outer loop
      vertex 164.8 -12.4 9.6
      vertex 164.878 -12.3949 2
      vertex 164.8 -12.4 2
    endloop
  endfacet
  facet normal -0.560566 -0.828109 0
    outer loop
      vertex 165.1 112.32 2
      vertex 165.165 112.276 9.6
      vertex 165.1 112.32 9.6
    endloop
  endfacet
  facet normal -0.560566 -0.828109 -0
    outer loop
      vertex 165.165 112.276 9.6
      vertex 165.1 112.32 2
      vertex 165.165 112.276 2
    endloop
  endfacet
  facet normal 0.0649898 0.997886 -0
    outer loop
      vertex 0.200012 -12.4 2
      vertex 0.121704 -12.3949 9.6
      vertex 0.200012 -12.4 9.6
    endloop
  endfacet
  facet normal 0.0649898 0.997886 0
    outer loop
      vertex 0.121704 -12.3949 9.6
      vertex 0.200012 -12.4 2
      vertex 0.121704 -12.3949 2
    endloop
  endfacet
  facet normal 0 1 -0
    outer loop
      vertex 164.8 -12.4 2
      vertex 0.200012 -12.4 9.6
      vertex 164.8 -12.4 9.6
    endloop
  endfacet
  facet normal 0 1 0
    outer loop
      vertex 0.200012 -12.4 9.6
      vertex 164.8 -12.4 2
      vertex 0.200012 -12.4 2
    endloop
  endfacet
  facet normal 0 -1 0
    outer loop
      vertex 0.200012 112.4 2
      vertex 164.8 112.4 9.6
      vertex 0.200012 112.4 9.6
    endloop
  endfacet
  facet normal 0 -1 -0
    outer loop
      vertex 164.8 112.4 9.6
      vertex 0.200012 112.4 2
      vertex 164.8 112.4 2
    endloop
  endfacet
  facet normal -1 0 0
    outer loop
      vertex 165.4 111.8 2
      vertex 165.4 94 3.5
      vertex 165.4 111.8 9.6
    endloop
  endfacet
  facet normal -1 0 0
    outer loop
      vertex 165.4 -11.8 2
      vertex 165.4 94 3.5
      vertex 165.4 111.8 2
    endloop
  endfacet
  facet normal -1 -0 0
    outer loop
      vertex 165.4 94 3.5
      vertex 165.4 -11.8 2
      vertex 165.4 0 3.5
    endloop
  endfacet
  facet normal -1 0 0
    outer loop
      vertex 165.4 -11.8 9.6
      vertex 165.4 0 3.5
      vertex 165.4 -11.8 2
    endloop
  endfacet
  facet normal -1 0 0
    outer loop
      vertex 165.4 0 3.5
      vertex 165.4 -11.8 9.6
      vertex 165.4 0 9.6
    endloop
  endfacet
  facet normal -1 -0 0
    outer loop
      vertex 165.4 111.8 9.6
      vertex 165.4 94 3.5
      vertex 165.4 94 9.6
    endloop
  endfacet
  facet normal 0.555604 0.831447 -0
    outer loop
      vertex -0.0999908 -12.3196 2
      vertex -0.165237 -12.276 9.6
      vertex -0.0999908 -12.3196 9.6
    endloop
  endfacet
  facet normal 0.555604 0.831447 0
    outer loop
      vertex -0.165237 -12.276 9.6
      vertex -0.0999908 -12.3196 2
      vertex -0.165237 -12.276 2
    endloop
  endfacet
  facet normal 0.196164 0.980571 -0
    outer loop
      vertex 0.121704 -12.3949 2
      vertex 0.0447235 -12.3795 9.6
      vertex 0.121704 -12.3949 9.6
    endloop
  endfacet
  facet normal 0.196164 0.980571 0
    outer loop
      vertex 0.0447235 -12.3795 9.6
      vertex 0.121704 -12.3949 2
      vertex 0.0447235 -12.3795 2
    endloop
  endfacet
  facet normal 0.191258 -0.98154 0
    outer loop
      vertex 0.0447235 112.38 2
      vertex 0.121704 112.395 9.6
      vertex 0.0447235 112.38 9.6
    endloop
  endfacet
  facet normal 0.191258 -0.98154 0
    outer loop
      vertex 0.121704 112.395 9.6
      vertex 0.0447235 112.38 2
      vertex 0.121704 112.395 2
    endloop
  endfacet
  facet normal -0.327543 -0.944836 0
    outer loop
      vertex 164.955 112.38 2
      vertex 165.03 112.354 9.6
      vertex 164.955 112.38 9.6
    endloop
  endfacet
  facet normal -0.327543 -0.944836 -0
    outer loop
      vertex 165.03 112.354 9.6
      vertex 164.955 112.38 2
      vertex 165.03 112.354 2
    endloop
  endfacet
  facet normal -0.0639713 -0.997952 0
    outer loop
      vertex 164.8 112.4 2
      vertex 164.878 112.395 9.6
      vertex 164.8 112.4 9.6
    endloop
  endfacet
  facet normal -0.0639713 -0.997952 -0
    outer loop
      vertex 164.878 112.395 9.6
      vertex 164.8 112.4 2
      vertex 164.878 112.395 2
    endloop
  endfacet
  facet normal -0.191211 -0.981549 0
    outer loop
      vertex 164.878 112.395 2
      vertex 164.955 112.38 9.6
      vertex 164.878 112.395 9.6
    endloop
  endfacet
  facet normal -0.191211 -0.981549 -0
    outer loop
      vertex 164.955 112.38 9.6
      vertex 164.878 112.395 2
      vertex 164.955 112.38 2
    endloop
  endfacet
  facet normal -0.659046 0.752103 0
    outer loop
      vertex 165.224 -12.2243 2
      vertex 165.165 -12.276 9.6
      vertex 165.224 -12.2243 9.6
    endloop
  endfacet
  facet normal -0.659046 0.752103 0
    outer loop
      vertex 165.165 -12.276 9.6
      vertex 165.224 -12.2243 2
      vertex 165.165 -12.276 2
    endloop
  endfacet
  facet normal 0.330192 -0.943914 0
    outer loop
      vertex -0.0296021 112.354 2
      vertex 0.0447235 112.38 9.6
      vertex -0.0296021 112.354 9.6
    endloop
  endfacet
  facet normal 0.330192 -0.943914 0
    outer loop
      vertex 0.0447235 112.38 9.6
      vertex -0.0296021 112.354 2
      vertex 0.0447235 112.38 2
    endloop
  endfacet
  facet normal 0.997834 -0.0657803 0
    outer loop
      vertex -0.399994 111.8 9.6
      vertex -0.394852 111.878 2
      vertex -0.394852 111.878 9.6
    endloop
  endfacet
  facet normal 0.997834 -0.0657803 0
    outer loop
      vertex -0.394852 111.878 2
      vertex -0.399994 111.8 9.6
      vertex -0.399994 111.8 2
    endloop
  endfacet
  facet normal 0 0 1
    outer loop
      vertex 158.827 -7.58232 2
      vertex 8.17262 -7.58232 2
      vertex 8.2 -8 2
    endloop
  endfacet
  facet normal 0 0 1
    outer loop
      vertex 158.562 9.4378 2
      vertex 8.09096 -7.17178 2
      vertex 8.17262 -7.58232 2
    endloop
  endfacet
  facet normal 0 0 1
    outer loop
      vertex 158.562 9.4378 2
      vertex 7.95641 -6.77541 2
      vertex 8.09096 -7.17178 2
    endloop
  endfacet
  facet normal -0 0 1
    outer loop
      vertex 3.4378 9.4378 2
      vertex 7.95641 -6.77541 2
      vertex 158.562 9.4378 2
    endloop
  endfacet
  facet normal 0 0 1
    outer loop
      vertex 7.95641 -6.77541 2
      vertex 3.4378 9.4378 2
      vertex 7.77128 -6.4 2
    endloop
  endfacet
  facet normal 0 0 1
    outer loop
      vertex 7.77128 -6.4 2
      vertex 3.4378 9.4378 2
      vertex 7.53873 -6.05196 2
    endloop
  endfacet
  facet normal 0 0 1
    outer loop
      vertex 7.53873 -6.05196 2
      vertex 3.4378 9.4378 2
      vertex 7.26274 -5.73726 2
    endloop
  endfacet
  facet normal 0 0 1
    outer loop
      vertex 7.26274 -5.73726 2
      vertex 3.4378 9.4378 2
      vertex 6.94804 -5.46127 2
    endloop
  endfacet
  facet normal 0 0 1
    outer loop
      vertex 6.94804 -5.46127 2
      vertex 3.4378 9.4378 2
      vertex 6.6 -5.22872 2
    endloop
  endfacet
  facet normal 0 0 1
    outer loop
      vertex 6.6 -5.22872 2
      vertex 3.4378 9.4378 2
      vertex 6.22459 -5.04358 2
    endloop
  endfacet
  facet normal 0 0 1
    outer loop
      vertex 6.22459 -5.04358 2
      vertex 3.4378 9.4378 2
      vertex 5.82822 -4.90904 2
    endloop
  endfacet
  facet normal 0 0 1
    outer loop
      vertex 5.82822 -4.90904 2
      vertex 3.4378 9.4378 2
      vertex 5.41768 -4.82738 2
    endloop
  endfacet
  facet normal 0 0 1
    outer loop
      vertex 5.41768 -4.82738 2
      vertex 3.4378 9.4378 2
      vertex 5 -4.8 2
    endloop
  endfacet
  facet normal 0 0 1
    outer loop
      vertex 5 -4.8 2
      vertex 3.4378 9.4378 2
      vertex 4.58232 -4.82738 2
    endloop
  endfacet
  facet normal 0 0 1
    outer loop
      vertex 3.4378 9.4378 2
      vertex 4.17178 -4.90904 2
      vertex 4.58232 -4.82738 2
    endloop
  endfacet
  facet normal 0 0 1
    outer loop
      vertex 3.4378 9.4378 2
      vertex 3.77541 -5.04358 2
      vertex 4.17178 -4.90904 2
    endloop
  endfacet
  facet normal 0 0 1
    outer loop
      vertex 3.4378 9.4378 2
      vertex 3.4 -5.22872 2
      vertex 3.77541 -5.04358 2
    endloop
  endfacet
  facet normal 0 0 1
    outer loop
      vertex 2.73726 105.737 2
      vertex 3.4378 96.5622 2
      vertex 3.05196 105.461 2
    endloop
  endfacet
  facet normal 0 0 1
    outer loop
      vertex 2.46127 106.052 2
      vertex 3.4378 96.5622 2
      vertex 2.73726 105.737 2
    endloop
  endfacet
  facet normal 0 0 1
    outer loop
      vertex 3.4378 9.4378 2
      vertex 3.05196 -5.46127 2
      vertex 3.4 -5.22872 2
    endloop
  endfacet
  facet normal 0 0 1
    outer loop
      vertex 2.22872 106.4 2
      vertex 3.4378 96.5622 2
      vertex 2.46127 106.052 2
    endloop
  endfacet
  facet normal 0 0 1
    outer loop
      vertex 3.4378 9.4378 2
      vertex 2.73726 -5.73726 2
      vertex 3.05196 -5.46127 2
    endloop
  endfacet
  facet normal 0 0 1
    outer loop
      vertex 2.04358 106.775 2
      vertex 3.4378 96.5622 2
      vertex 2.22872 106.4 2
    endloop
  endfacet
  facet normal 0 0 1
    outer loop
      vertex 3.4378 9.4378 2
      vertex 2.46127 -6.05196 2
      vertex 2.73726 -5.73726 2
    endloop
  endfacet
  facet normal 0 0 1
    outer loop
      vertex -0.399994 111.8 2
      vertex 3.4378 96.5622 2
      vertex 2.04358 106.775 2
    endloop
  endfacet
  facet normal 0 0 1
    outer loop
      vertex 3.4378 9.4378 2
      vertex 2.22872 -6.4 2
      vertex 2.46127 -6.05196 2
    endloop
  endfacet
  facet normal 0 0 1
    outer loop
      vertex 3.4378 96.5622 2
      vertex -0.399994 111.8 2
      vertex 3.4378 9.4378 2
    endloop
  endfacet
  facet normal 0 0 1
    outer loop
      vertex 3.4378 9.4378 2
      vertex 2.04358 -6.77541 2
      vertex 2.22872 -6.4 2
    endloop
  endfacet
  facet normal 0 0 1
    outer loop
      vertex -0.399994 111.8 2
      vertex 2.04358 106.775 2
      vertex 1.90904 107.172 2
    endloop
  endfacet
  facet normal 0 0 1
    outer loop
      vertex -0.399994 -11.8 2
      vertex 3.4378 9.4378 2
      vertex -0.399994 111.8 2
    endloop
  endfacet
  facet normal 0 0 1
    outer loop
      vertex -0.399994 111.8 2
      vertex 1.90904 107.172 2
      vertex 1.82738 107.582 2
    endloop
  endfacet
  facet normal 0 0 1
    outer loop
      vertex 3.4378 9.4378 2
      vertex -0.399994 -11.8 2
      vertex 2.04358 -6.77541 2
    endloop
  endfacet
  facet normal 0 0 1
    outer loop
      vertex -0.399994 111.8 2
      vertex 1.82738 107.582 2
      vertex 1.8 108 2
    endloop
  endfacet
  facet normal 0 0 1
    outer loop
      vertex 2.04358 -6.77541 2
      vertex -0.399994 -11.8 2
      vertex 1.90904 -7.17178 2
    endloop
  endfacet
  facet normal -0 0 1
    outer loop
      vertex 165.173 107.582 2
      vertex 165.2 -8 2
      vertex 165.2 108 2
    endloop
  endfacet
  facet normal 0 0 1
    outer loop
      vertex 165.173 107.582 2
      vertex 165.173 -7.58232 2
      vertex 165.2 -8 2
    endloop
  endfacet
  facet normal -0 0 1
    outer loop
      vertex 165.091 107.172 2
      vertex 165.173 -7.58232 2
      vertex 165.173 107.582 2
    endloop
  endfacet
  facet normal 0 0 1
    outer loop
      vertex 165.091 107.172 2
      vertex 165.091 -7.17178 2
      vertex 165.173 -7.58232 2
    endloop
  endfacet
  facet normal -0 0 1
    outer loop
      vertex 164.956 106.775 2
      vertex 165.091 -7.17178 2
      vertex 165.091 107.172 2
    endloop
  endfacet
  facet normal 0 0 1
    outer loop
      vertex 164.956 106.775 2
      vertex 164.956 -6.77541 2
      vertex 165.091 -7.17178 2
    endloop
  endfacet
  facet normal 0 0 1
    outer loop
      vertex 158.562 9.4378 2
      vertex 164.956 106.775 2
      vertex 164.771 106.4 2
    endloop
  endfacet
  facet normal 0 0 1
    outer loop
      vertex 164.956 106.775 2
      vertex 158.562 9.4378 2
      vertex 164.956 -6.77541 2
    endloop
  endfacet
  facet normal 0 0 1
    outer loop
      vertex 158.562 9.4378 2
      vertex 164.771 106.4 2
      vertex 164.539 106.052 2
    endloop
  endfacet
  facet normal 0 0 1
    outer loop
      vertex 164.956 -6.77541 2
      vertex 158.562 9.4378 2
      vertex 164.771 -6.4 2
    endloop
  endfacet
  facet normal 0 0 1
    outer loop
      vertex 158.562 96.5622 2
      vertex 164.539 106.052 2
      vertex 164.263 105.737 2
    endloop
  endfacet
  facet normal 0 0 1
    outer loop
      vertex 164.771 -6.4 2
      vertex 158.562 9.4378 2
      vertex 164.539 -6.05196 2
    endloop
  endfacet
  facet normal 0 0 1
    outer loop
      vertex 158.562 96.5622 2
      vertex 164.263 105.737 2
      vertex 163.948 105.461 2
    endloop
  endfacet
  facet normal 0 0 1
    outer loop
      vertex 164.539 -6.05196 2
      vertex 158.562 9.4378 2
      vertex 164.263 -5.73726 2
    endloop
  endfacet
  facet normal 0 0 1
    outer loop
      vertex 158.562 96.5622 2
      vertex 163.948 105.461 2
      vertex 163.6 105.229 2
    endloop
  endfacet
  facet normal 0 0 1
    outer loop
      vertex 164.263 -5.73726 2
      vertex 158.562 9.4378 2
      vertex 163.948 -5.46127 2
    endloop
  endfacet
  facet normal 0 0 1
    outer loop
      vertex 158.562 96.5622 2
      vertex 163.6 105.229 2
      vertex 163.225 105.044 2
    endloop
  endfacet
  facet normal 0 0 1
    outer loop
      vertex 163.948 -5.46127 2
      vertex 158.562 9.4378 2
      vertex 163.6 -5.22872 2
    endloop
  endfacet
  facet normal 0 0 1
    outer loop
      vertex 158.562 96.5622 2
      vertex 163.225 105.044 2
      vertex 162.828 104.909 2
    endloop
  endfacet
  facet normal 0 0 1
    outer loop
      vertex 163.6 -5.22872 2
      vertex 158.562 9.4378 2
      vertex 163.225 -5.04358 2
    endloop
  endfacet
  facet normal 0 0 1
    outer loop
      vertex 158.562 96.5622 2
      vertex 162.828 104.909 2
      vertex 162.418 104.827 2
    endloop
  endfacet
  facet normal 0 0 1
    outer loop
      vertex 163.225 -5.04358 2
      vertex 158.562 9.4378 2
      vertex 162.828 -4.90904 2
    endloop
  endfacet
  facet normal 0 0 1
    outer loop
      vertex 158.562 96.5622 2
      vertex 162.418 104.827 2
      vertex 162 104.8 2
    endloop
  endfacet
  facet normal 0 0 1
    outer loop
      vertex 162.828 -4.90904 2
      vertex 158.562 9.4378 2
      vertex 162.418 -4.82738 2
    endloop
  endfacet
  facet normal 0 0 1
    outer loop
      vertex 158.562 96.5622 2
      vertex 162 104.8 2
      vertex 161.582 104.827 2
    endloop
  endfacet
  facet normal 0 0 1
    outer loop
      vertex 162.418 -4.82738 2
      vertex 158.562 9.4378 2
      vertex 162 -4.8 2
    endloop
  endfacet
  facet normal 0 0 1
    outer loop
      vertex 158.562 96.5622 2
      vertex 161.582 104.827 2
      vertex 161.172 104.909 2
    endloop
  endfacet
  facet normal 0 0 1
    outer loop
      vertex 162 -4.8 2
      vertex 158.562 9.4378 2
      vertex 161.582 -4.82738 2
    endloop
  endfacet
  facet normal 0 0 1
    outer loop
      vertex 158.562 96.5622 2
      vertex 161.172 104.909 2
      vertex 160.775 105.044 2
    endloop
  endfacet
  facet normal 0 0 1
    outer loop
      vertex 161.582 -4.82738 2
      vertex 158.562 9.4378 2
      vertex 161.172 -4.90904 2
    endloop
  endfacet
  facet normal 0 0 1
    outer loop
      vertex 158.562 96.5622 2
      vertex 160.775 105.044 2
      vertex 160.4 105.229 2
    endloop
  endfacet
  facet normal 0 0 1
    outer loop
      vertex 161.172 -4.90904 2
      vertex 158.562 9.4378 2
      vertex 160.775 -5.04358 2
    endloop
  endfacet
  facet normal 0 0 1
    outer loop
      vertex 158.562 96.5622 2
      vertex 160.4 105.229 2
      vertex 160.052 105.461 2
    endloop
  endfacet
  facet normal 0 0 1
    outer loop
      vertex 160.775 -5.04358 2
      vertex 158.562 9.4378 2
      vertex 160.4 -5.22872 2
    endloop
  endfacet
  facet normal 0 0 1
    outer loop
      vertex 158.562 96.5622 2
      vertex 160.052 105.461 2
      vertex 159.737 105.737 2
    endloop
  endfacet
  facet normal 0 0 1
    outer loop
      vertex 160.4 -5.22872 2
      vertex 158.562 9.4378 2
      vertex 160.052 -5.46127 2
    endloop
  endfacet
  facet normal 0 0 1
    outer loop
      vertex 158.562 96.5622 2
      vertex 159.737 105.737 2
      vertex 159.461 106.052 2
    endloop
  endfacet
  facet normal 0 0 1
    outer loop
      vertex 160.052 -5.46127 2
      vertex 158.562 9.4378 2
      vertex 159.737 -5.73726 2
    endloop
  endfacet
  facet normal 0 0 1
    outer loop
      vertex 158.562 96.5622 2
      vertex 159.461 106.052 2
      vertex 159.229 106.4 2
    endloop
  endfacet
  facet normal 0 0 1
    outer loop
      vertex 159.737 -5.73726 2
      vertex 158.562 9.4378 2
      vertex 159.461 -6.05196 2
    endloop
  endfacet
  facet normal 0 0 1
    outer loop
      vertex 158.562 96.5622 2
      vertex 159.229 106.4 2
      vertex 159.044 106.775 2
    endloop
  endfacet
  facet normal 0 0 1
    outer loop
      vertex 159.461 -6.05196 2
      vertex 158.562 9.4378 2
      vertex 159.229 -6.4 2
    endloop
  endfacet
  facet normal 0 0 1
    outer loop
      vertex 158.562 96.5622 2
      vertex 159.044 106.775 2
      vertex 158.909 107.172 2
    endloop
  endfacet
  facet normal 0 0 1
    outer loop
      vertex 159.229 -6.4 2
      vertex 158.562 9.4378 2
      vertex 159.044 -6.77541 2
    endloop
  endfacet
  facet normal 0 0 1
    outer loop
      vertex 158.562 96.5622 2
      vertex 158.909 107.172 2
      vertex 158.827 107.582 2
    endloop
  endfacet
  facet normal 0 0 1
    outer loop
      vertex 164.539 106.052 2
      vertex 158.562 96.5622 2
      vertex 158.562 9.4378 2
    endloop
  endfacet
  facet normal 0 0 1
    outer loop
      vertex 158.562 96.5622 2
      vertex 158.827 107.582 2
      vertex 158.8 108 2
    endloop
  endfacet
  facet normal 0 0 1
    outer loop
      vertex 159.044 -6.77541 2
      vertex 158.562 9.4378 2
      vertex 158.909 -7.17178 2
    endloop
  endfacet
  facet normal 0 0 1
    outer loop
      vertex 164.8 112.4 2
      vertex 165.4 111.8 2
      vertex 165.395 111.878 2
    endloop
  endfacet
  facet normal 0 0 1
    outer loop
      vertex 165.4 111.8 2
      vertex 165.2 108 2
      vertex 165.4 -11.8 2
    endloop
  endfacet
  facet normal 0 0 1
    outer loop
      vertex 164.8 112.4 2
      vertex 165.395 111.878 2
      vertex 165.38 111.955 2
    endloop
  endfacet
  facet normal -0 0 1
    outer loop
      vertex 165.2 -8 2
      vertex 165.4 -11.8 2
      vertex 165.2 108 2
    endloop
  endfacet
  facet normal 0 0 1
    outer loop
      vertex 164.8 112.4 2
      vertex 165.38 111.955 2
      vertex 165.354 112.03 2
    endloop
  endfacet
  facet normal -0 0 1
    outer loop
      vertex 165.173 -8.41768 2
      vertex 165.4 -11.8 2
      vertex 165.2 -8 2
    endloop
  endfacet
  facet normal 0 0 1
    outer loop
      vertex 164.8 112.4 2
      vertex 165.354 112.03 2
      vertex 165.32 112.1 2
    endloop
  endfacet
  facet normal -0 0 1
    outer loop
      vertex 165.091 -8.82822 2
      vertex 165.4 -11.8 2
      vertex 165.173 -8.41768 2
    endloop
  endfacet
  facet normal 0 0 1
    outer loop
      vertex 164.8 112.4 2
      vertex 165.32 112.1 2
      vertex 165.276 112.165 2
    endloop
  endfacet
  facet normal -0 0 1
    outer loop
      vertex 164.956 -9.22459 2
      vertex 165.4 -11.8 2
      vertex 165.091 -8.82822 2
    endloop
  endfacet
  facet normal 0 0 1
    outer loop
      vertex 164.8 112.4 2
      vertex 165.276 112.165 2
      vertex 165.224 112.224 2
    endloop
  endfacet
  facet normal -0 0 1
    outer loop
      vertex 164.771 -9.6 2
      vertex 165.4 -11.8 2
      vertex 164.956 -9.22459 2
    endloop
  endfacet
  facet normal -0 0 1
    outer loop
      vertex 164.539 -9.94804 2
      vertex 165.4 -11.8 2
      vertex 164.771 -9.6 2
    endloop
  endfacet
  facet normal 0 0 1
    outer loop
      vertex 165.4 111.8 2
      vertex 165.173 108.418 2
      vertex 165.2 108 2
    endloop
  endfacet
  facet normal 0 0 1
    outer loop
      vertex 164.8 112.4 2
      vertex 165.224 112.224 2
      vertex 165.165 112.276 2
    endloop
  endfacet
  facet normal 0 0 1
    outer loop
      vertex 164.8 112.4 2
      vertex 165.165 112.276 2
      vertex 165.1 112.32 2
    endloop
  endfacet
  facet normal 0 0 1
    outer loop
      vertex 165.4 111.8 2
      vertex 165.091 108.828 2
      vertex 165.173 108.418 2
    endloop
  endfacet
  facet normal 0 0 1
    outer loop
      vertex 164.8 112.4 2
      vertex 165.1 112.32 2
      vertex 165.03 112.354 2
    endloop
  endfacet
  facet normal 0 0 1
    outer loop
      vertex 165.4 111.8 2
      vertex 164.956 109.225 2
      vertex 165.091 108.828 2
    endloop
  endfacet
  facet normal 0 0 1
    outer loop
      vertex 164.8 112.4 2
      vertex 165.03 112.354 2
      vertex 164.955 112.38 2
    endloop
  endfacet
  facet normal 0 0 1
    outer loop
      vertex 164.8 112.4 2
      vertex 164.955 112.38 2
      vertex 164.878 112.395 2
    endloop
  endfacet
  facet normal 0 0 1
    outer loop
      vertex 165.4 111.8 2
      vertex 164.8 112.4 2
      vertex 163.948 110.539 2
    endloop
  endfacet
  facet normal 0 0 1
    outer loop
      vertex 165.4 111.8 2
      vertex 164.771 109.6 2
      vertex 164.956 109.225 2
    endloop
  endfacet
  facet normal 0 0 1
    outer loop
      vertex 165.4 111.8 2
      vertex 164.539 109.948 2
      vertex 164.771 109.6 2
    endloop
  endfacet
  facet normal 0 0 1
    outer loop
      vertex 165.4 111.8 2
      vertex 164.263 110.263 2
      vertex 164.539 109.948 2
    endloop
  endfacet
  facet normal 0 0 1
    outer loop
      vertex 165.4 111.8 2
      vertex 163.948 110.539 2
      vertex 164.263 110.263 2
    endloop
  endfacet
  facet normal 0 0 1
    outer loop
      vertex 164.8 112.4 2
      vertex 163.6 110.771 2
      vertex 163.948 110.539 2
    endloop
  endfacet
  facet normal 0 0 1
    outer loop
      vertex 164.8 112.4 2
      vertex 163.225 110.956 2
      vertex 163.6 110.771 2
    endloop
  endfacet
  facet normal 0 0 1
    outer loop
      vertex 164.8 112.4 2
      vertex 162.828 111.091 2
      vertex 163.225 110.956 2
    endloop
  endfacet
  facet normal 0 0 1
    outer loop
      vertex 164.8 112.4 2
      vertex 162.418 111.173 2
      vertex 162.828 111.091 2
    endloop
  endfacet
  facet normal 0 0 1
    outer loop
      vertex 164.8 112.4 2
      vertex 162 111.2 2
      vertex 162.418 111.173 2
    endloop
  endfacet
  facet normal 0 0 1
    outer loop
      vertex 164.8 112.4 2
      vertex 161.582 111.173 2
      vertex 162 111.2 2
    endloop
  endfacet
  facet normal 0 0 1
    outer loop
      vertex 164.8 112.4 2
      vertex 161.172 111.091 2
      vertex 161.582 111.173 2
    endloop
  endfacet
  facet normal 0 0 1
    outer loop
      vertex 164.8 112.4 2
      vertex 160.775 110.956 2
      vertex 161.172 111.091 2
    endloop
  endfacet
  facet normal 0 0 1
    outer loop
      vertex 158.909 -7.17178 2
      vertex 158.562 9.4378 2
      vertex 158.827 -7.58232 2
    endloop
  endfacet
  facet normal 0 0 1
    outer loop
      vertex 158.8 108 2
      vertex 8.2 108 2
      vertex 158.562 96.5622 2
    endloop
  endfacet
  facet normal 0 0 1
    outer loop
      vertex 158.827 108.418 2
      vertex 8.2 108 2
      vertex 158.8 108 2
    endloop
  endfacet
  facet normal 0 0 1
    outer loop
      vertex 8.17262 108.418 2
      vertex 158.827 108.418 2
      vertex 158.909 108.828 2
    endloop
  endfacet
  facet normal 0 0 1
    outer loop
      vertex 8.09096 108.828 2
      vertex 158.909 108.828 2
      vertex 159.044 109.225 2
    endloop
  endfacet
  facet normal 0 0 1
    outer loop
      vertex 7.95641 109.225 2
      vertex 159.044 109.225 2
      vertex 159.229 109.6 2
    endloop
  endfacet
  facet normal 0 0 1
    outer loop
      vertex 7.77128 109.6 2
      vertex 159.229 109.6 2
      vertex 159.461 109.948 2
    endloop
  endfacet
  facet normal 0 0 1
    outer loop
      vertex 7.53873 109.948 2
      vertex 159.461 109.948 2
      vertex 159.737 110.263 2
    endloop
  endfacet
  facet normal 0 0 1
    outer loop
      vertex 7.26274 110.263 2
      vertex 159.737 110.263 2
      vertex 160.052 110.539 2
    endloop
  endfacet
  facet normal 0 0 1
    outer loop
      vertex 6.94804 110.539 2
      vertex 160.052 110.539 2
      vertex 160.4 110.771 2
    endloop
  endfacet
  facet normal 0 0 1
    outer loop
      vertex 6.6 110.771 2
      vertex 160.4 110.771 2
      vertex 160.775 110.956 2
    endloop
  endfacet
  facet normal 0 0 1
    outer loop
      vertex 6.22459 110.956 2
      vertex 160.775 110.956 2
      vertex 164.8 112.4 2
    endloop
  endfacet
  facet normal 0 0 1
    outer loop
      vertex 158.827 108.418 2
      vertex 8.17262 108.418 2
      vertex 8.2 108 2
    endloop
  endfacet
  facet normal 0 0 1
    outer loop
      vertex 158.909 108.828 2
      vertex 8.09096 108.828 2
      vertex 8.17262 108.418 2
    endloop
  endfacet
  facet normal 0 0 1
    outer loop
      vertex 159.044 109.225 2
      vertex 7.95641 109.225 2
      vertex 8.09096 108.828 2
    endloop
  endfacet
  facet normal 0 0 1
    outer loop
      vertex 159.229 109.6 2
      vertex 7.77128 109.6 2
      vertex 7.95641 109.225 2
    endloop
  endfacet
  facet normal 0 0 1
    outer loop
      vertex 159.461 109.948 2
      vertex 7.53873 109.948 2
      vertex 7.77128 109.6 2
    endloop
  endfacet
  facet normal 0 0 1
    outer loop
      vertex 159.737 110.263 2
      vertex 7.26274 110.263 2
      vertex 7.53873 109.948 2
    endloop
  endfacet
  facet normal 0 0 1
    outer loop
      vertex 160.052 110.539 2
      vertex 6.94804 110.539 2
      vertex 7.26274 110.263 2
    endloop
  endfacet
  facet normal 0 0 1
    outer loop
      vertex 160.4 110.771 2
      vertex 6.6 110.771 2
      vertex 6.94804 110.539 2
    endloop
  endfacet
  facet normal 0 0 1
    outer loop
      vertex 160.775 110.956 2
      vertex 6.22459 110.956 2
      vertex 6.6 110.771 2
    endloop
  endfacet
  facet normal 0 0 1
    outer loop
      vertex 164.8 112.4 2
      vertex 5.82822 111.091 2
      vertex 6.22459 110.956 2
    endloop
  endfacet
  facet normal -0 0 1
    outer loop
      vertex 0.200012 112.4 2
      vertex 5.82822 111.091 2
      vertex 164.8 112.4 2
    endloop
  endfacet
  facet normal 0 0 1
    outer loop
      vertex 5.82822 111.091 2
      vertex 0.200012 112.4 2
      vertex 5.41768 111.173 2
    endloop
  endfacet
  facet normal 0 0 1
    outer loop
      vertex 1.82738 108.418 2
      vertex -0.399994 111.8 2
      vertex 1.8 108 2
    endloop
  endfacet
  facet normal 0 0 1
    outer loop
      vertex 1.90904 108.828 2
      vertex -0.399994 111.8 2
      vertex 1.82738 108.418 2
    endloop
  endfacet
  facet normal 0 0 1
    outer loop
      vertex 2.04358 109.225 2
      vertex -0.399994 111.8 2
      vertex 1.90904 108.828 2
    endloop
  endfacet
  facet normal 0 0 1
    outer loop
      vertex 2.22872 109.6 2
      vertex -0.399994 111.8 2
      vertex 2.04358 109.225 2
    endloop
  endfacet
  facet normal 0 0 1
    outer loop
      vertex 2.46127 109.948 2
      vertex -0.399994 111.8 2
      vertex 2.22872 109.6 2
    endloop
  endfacet
  facet normal -0 0 1
    outer loop
      vertex -0.399994 111.8 2
      vertex 2.46127 109.948 2
      vertex 0.200012 112.4 2
    endloop
  endfacet
  facet normal 0 0 1
    outer loop
      vertex 2.73726 110.263 2
      vertex 0.200012 112.4 2
      vertex 2.46127 109.948 2
    endloop
  endfacet
  facet normal 0 0 1
    outer loop
      vertex 3.05196 110.539 2
      vertex 0.200012 112.4 2
      vertex 2.73726 110.263 2
    endloop
  endfacet
  facet normal 0 0 1
    outer loop
      vertex 3.4 110.771 2
      vertex 0.200012 112.4 2
      vertex 3.05196 110.539 2
    endloop
  endfacet
  facet normal 0 0 1
    outer loop
      vertex 3.77541 110.956 2
      vertex 0.200012 112.4 2
      vertex 3.4 110.771 2
    endloop
  endfacet
  facet normal 0 0 1
    outer loop
      vertex 4.17178 111.091 2
      vertex 0.200012 112.4 2
      vertex 3.77541 110.956 2
    endloop
  endfacet
  facet normal 0 0 1
    outer loop
      vertex 4.58232 111.173 2
      vertex 0.200012 112.4 2
      vertex 4.17178 111.091 2
    endloop
  endfacet
  facet normal 0 0 1
    outer loop
      vertex 5 111.2 2
      vertex 0.200012 112.4 2
      vertex 4.58232 111.173 2
    endloop
  endfacet
  facet normal 0 0 1
    outer loop
      vertex 5.41768 111.173 2
      vertex 0.200012 112.4 2
      vertex 5 111.2 2
    endloop
  endfacet
  facet normal -0 0 1
    outer loop
      vertex 164.263 -10.2627 2
      vertex 165.4 -11.8 2
      vertex 164.539 -9.94804 2
    endloop
  endfacet
  facet normal -0 0 1
    outer loop
      vertex 163.948 -10.5387 2
      vertex 165.4 -11.8 2
      vertex 164.263 -10.2627 2
    endloop
  endfacet
  facet normal 0 -0 1
    outer loop
      vertex 164.8 -12.4 2
      vertex 165.4 -11.8 2
      vertex 163.948 -10.5387 2
    endloop
  endfacet
  facet normal 0 0 1
    outer loop
      vertex 165.4 -11.8 2
      vertex 164.8 -12.4 2
      vertex 165.395 -11.8783 2
    endloop
  endfacet
  facet normal 0 0 1
    outer loop
      vertex 165.395 -11.8783 2
      vertex 164.8 -12.4 2
      vertex 165.38 -11.9553 2
    endloop
  endfacet
  facet normal 0 0 1
    outer loop
      vertex 165.38 -11.9553 2
      vertex 164.8 -12.4 2
      vertex 165.354 -12.0296 2
    endloop
  endfacet
  facet normal 0 0 1
    outer loop
      vertex 165.354 -12.0296 2
      vertex 164.8 -12.4 2
      vertex 165.32 -12.1 2
    endloop
  endfacet
  facet normal 0 0 1
    outer loop
      vertex 165.32 -12.1 2
      vertex 164.8 -12.4 2
      vertex 165.276 -12.1652 2
    endloop
  endfacet
  facet normal 0 0 1
    outer loop
      vertex 165.276 -12.1652 2
      vertex 164.8 -12.4 2
      vertex 165.224 -12.2243 2
    endloop
  endfacet
  facet normal 0 0 1
    outer loop
      vertex 165.224 -12.2243 2
      vertex 164.8 -12.4 2
      vertex 165.165 -12.276 2
    endloop
  endfacet
  facet normal 0 0 1
    outer loop
      vertex 165.165 -12.276 2
      vertex 164.8 -12.4 2
      vertex 165.1 -12.3196 2
    endloop
  endfacet
  facet normal 0 0 1
    outer loop
      vertex 165.1 -12.3196 2
      vertex 164.8 -12.4 2
      vertex 165.03 -12.3543 2
    endloop
  endfacet
  facet normal 0 0 1
    outer loop
      vertex 165.03 -12.3543 2
      vertex 164.8 -12.4 2
      vertex 164.955 -12.3795 2
    endloop
  endfacet
  facet normal 0 0 1
    outer loop
      vertex 164.955 -12.3795 2
      vertex 164.8 -12.4 2
      vertex 164.878 -12.3949 2
    endloop
  endfacet
  facet normal -0 0 1
    outer loop
      vertex 163.6 -10.7713 2
      vertex 164.8 -12.4 2
      vertex 163.948 -10.5387 2
    endloop
  endfacet
  facet normal -0 0 1
    outer loop
      vertex 163.225 -10.9564 2
      vertex 164.8 -12.4 2
      vertex 163.6 -10.7713 2
    endloop
  endfacet
  facet normal -0 0 1
    outer loop
      vertex 162.828 -11.091 2
      vertex 164.8 -12.4 2
      vertex 163.225 -10.9564 2
    endloop
  endfacet
  facet normal -0 0 1
    outer loop
      vertex 162.418 -11.1726 2
      vertex 164.8 -12.4 2
      vertex 162.828 -11.091 2
    endloop
  endfacet
  facet normal -0 0 1
    outer loop
      vertex 162 -11.2 2
      vertex 164.8 -12.4 2
      vertex 162.418 -11.1726 2
    endloop
  endfacet
  facet normal 0 0 1
    outer loop
      vertex 161.582 -11.1726 2
      vertex 164.8 -12.4 2
      vertex 162 -11.2 2
    endloop
  endfacet
  facet normal 0 0 1
    outer loop
      vertex 161.172 -11.091 2
      vertex 164.8 -12.4 2
      vertex 161.582 -11.1726 2
    endloop
  endfacet
  facet normal 0 0 1
    outer loop
      vertex 160.775 -10.9564 2
      vertex 164.8 -12.4 2
      vertex 161.172 -11.091 2
    endloop
  endfacet
  facet normal 0 0 1
    outer loop
      vertex 8.17262 -7.58232 2
      vertex 158.827 -7.58232 2
      vertex 158.562 9.4378 2
    endloop
  endfacet
  facet normal 0 0 1
    outer loop
      vertex 158.827 -7.58232 2
      vertex 8.2 -8 2
      vertex 158.8 -8 2
    endloop
  endfacet
  facet normal -0 0 1
    outer loop
      vertex 8.2 -8 2
      vertex 158.827 -8.41768 2
      vertex 158.8 -8 2
    endloop
  endfacet
  facet normal 0 0 1
    outer loop
      vertex 8.17262 -8.41768 2
      vertex 158.827 -8.41768 2
      vertex 8.2 -8 2
    endloop
  endfacet
  facet normal 0 0 1
    outer loop
      vertex 158.827 -8.41768 2
      vertex 8.17262 -8.41768 2
      vertex 158.909 -8.82822 2
    endloop
  endfacet
  facet normal 0 0 1
    outer loop
      vertex 8.09096 -8.82822 2
      vertex 158.909 -8.82822 2
      vertex 8.17262 -8.41768 2
    endloop
  endfacet
  facet normal 0 0 1
    outer loop
      vertex 158.909 -8.82822 2
      vertex 8.09096 -8.82822 2
      vertex 159.044 -9.22459 2
    endloop
  endfacet
  facet normal 0 0 1
    outer loop
      vertex 7.95641 -9.22459 2
      vertex 159.044 -9.22459 2
      vertex 8.09096 -8.82822 2
    endloop
  endfacet
  facet normal 0 0 1
    outer loop
      vertex 159.044 -9.22459 2
      vertex 7.95641 -9.22459 2
      vertex 159.229 -9.6 2
    endloop
  endfacet
  facet normal 0 0 1
    outer loop
      vertex 7.77128 -9.6 2
      vertex 159.229 -9.6 2
      vertex 7.95641 -9.22459 2
    endloop
  endfacet
  facet normal 0 0 1
    outer loop
      vertex 159.229 -9.6 2
      vertex 7.77128 -9.6 2
      vertex 159.461 -9.94804 2
    endloop
  endfacet
  facet normal 0 0 1
    outer loop
      vertex 7.53873 -9.94804 2
      vertex 159.461 -9.94804 2
      vertex 7.77128 -9.6 2
    endloop
  endfacet
  facet normal 0 0 1
    outer loop
      vertex 159.461 -9.94804 2
      vertex 7.53873 -9.94804 2
      vertex 159.737 -10.2627 2
    endloop
  endfacet
  facet normal 0 0 1
    outer loop
      vertex 7.26274 -10.2627 2
      vertex 159.737 -10.2627 2
      vertex 7.53873 -9.94804 2
    endloop
  endfacet
  facet normal 0 0 1
    outer loop
      vertex 159.737 -10.2627 2
      vertex 7.26274 -10.2627 2
      vertex 160.052 -10.5387 2
    endloop
  endfacet
  facet normal 0 0 1
    outer loop
      vertex 6.94804 -10.5387 2
      vertex 160.052 -10.5387 2
      vertex 7.26274 -10.2627 2
    endloop
  endfacet
  facet normal 0 0 1
    outer loop
      vertex 160.052 -10.5387 2
      vertex 6.94804 -10.5387 2
      vertex 160.4 -10.7713 2
    endloop
  endfacet
  facet normal 0 0 1
    outer loop
      vertex 6.6 -10.7713 2
      vertex 160.4 -10.7713 2
      vertex 6.94804 -10.5387 2
    endloop
  endfacet
  facet normal 0 0 1
    outer loop
      vertex 160.4 -10.7713 2
      vertex 6.6 -10.7713 2
      vertex 160.775 -10.9564 2
    endloop
  endfacet
  facet normal 0 0 1
    outer loop
      vertex 6.22459 -10.9564 2
      vertex 160.775 -10.9564 2
      vertex 6.6 -10.7713 2
    endloop
  endfacet
  facet normal 0 0 1
    outer loop
      vertex 160.775 -10.9564 2
      vertex 6.22459 -10.9564 2
      vertex 164.8 -12.4 2
    endloop
  endfacet
  facet normal -0 0 1
    outer loop
      vertex 5.82822 -11.091 2
      vertex 164.8 -12.4 2
      vertex 6.22459 -10.9564 2
    endloop
  endfacet
  facet normal 0 0 1
    outer loop
      vertex 0.200012 -12.4 2
      vertex 5.82822 -11.091 2
      vertex 5.41768 -11.1726 2
    endloop
  endfacet
  facet normal 0 0 1
    outer loop
      vertex 0.200012 -12.4 2
      vertex 5.41768 -11.1726 2
      vertex 5 -11.2 2
    endloop
  endfacet
  facet normal 0 0 1
    outer loop
      vertex 5.82822 -11.091 2
      vertex 0.200012 -12.4 2
      vertex 164.8 -12.4 2
    endloop
  endfacet
  facet normal 0 0 1
    outer loop
      vertex 4.58232 -11.1726 2
      vertex 0.200012 -12.4 2
      vertex 5 -11.2 2
    endloop
  endfacet
  facet normal 0 0 1
    outer loop
      vertex 4.17178 -11.091 2
      vertex 0.200012 -12.4 2
      vertex 4.58232 -11.1726 2
    endloop
  endfacet
  facet normal 0 0 1
    outer loop
      vertex 3.77541 -10.9564 2
      vertex 0.200012 -12.4 2
      vertex 4.17178 -11.091 2
    endloop
  endfacet
  facet normal 0 0 1
    outer loop
      vertex 3.4 -10.7713 2
      vertex 0.200012 -12.4 2
      vertex 3.77541 -10.9564 2
    endloop
  endfacet
  facet normal 0 0 1
    outer loop
      vertex 3.05196 -10.5387 2
      vertex 0.200012 -12.4 2
      vertex 3.4 -10.7713 2
    endloop
  endfacet
  facet normal 0 0 1
    outer loop
      vertex 2.73726 -10.2627 2
      vertex 0.200012 -12.4 2
      vertex 3.05196 -10.5387 2
    endloop
  endfacet
  facet normal 0 0 1
    outer loop
      vertex 2.46127 -9.94804 2
      vertex 0.200012 -12.4 2
      vertex 2.73726 -10.2627 2
    endloop
  endfacet
  facet normal 0 0 1
    outer loop
      vertex -0.399994 -11.8 2
      vertex 2.46127 -9.94804 2
      vertex 2.22872 -9.6 2
    endloop
  endfacet
  facet normal 0 0 1
    outer loop
      vertex -0.399994 -11.8 2
      vertex 2.22872 -9.6 2
      vertex 2.04358 -9.22459 2
    endloop
  endfacet
  facet normal 0 0 1
    outer loop
      vertex -0.399994 -11.8 2
      vertex 2.04358 -9.22459 2
      vertex 1.90904 -8.82822 2
    endloop
  endfacet
  facet normal 0 0 1
    outer loop
      vertex -0.399994 -11.8 2
      vertex 1.90904 -8.82822 2
      vertex 1.82738 -8.41768 2
    endloop
  endfacet
  facet normal 0 0 1
    outer loop
      vertex -0.399994 -11.8 2
      vertex 1.82738 -8.41768 2
      vertex 1.8 -8 2
    endloop
  endfacet
  facet normal 0 0 1
    outer loop
      vertex 1.90904 -7.17178 2
      vertex -0.399994 -11.8 2
      vertex 1.82738 -7.58232 2
    endloop
  endfacet
  facet normal 0 0 1
    outer loop
      vertex -0.399994 111.8 2
      vertex 0.200012 112.4 2
      vertex 0.121704 112.395 2
    endloop
  endfacet
  facet normal 0 0 1
    outer loop
      vertex 1.82738 -7.58232 2
      vertex -0.399994 -11.8 2
      vertex 1.8 -8 2
    endloop
  endfacet
  facet normal 0 0 1
    outer loop
      vertex -0.399994 111.8 2
      vertex 0.121704 112.395 2
      vertex 0.0447235 112.38 2
    endloop
  endfacet
  facet normal 0 0 1
    outer loop
      vertex 2.46127 -9.94804 2
      vertex -0.399994 -11.8 2
      vertex 0.200012 -12.4 2
    endloop
  endfacet
  facet normal 0 0 1
    outer loop
      vertex -0.399994 111.8 2
      vertex 0.0447235 112.38 2
      vertex -0.0296021 112.354 2
    endloop
  endfacet
  facet normal 0 0 1
    outer loop
      vertex 0.200012 -12.4 2
      vertex -0.399994 -11.8 2
      vertex 0.121704 -12.3949 2
    endloop
  endfacet
  facet normal 0 0 1
    outer loop
      vertex -0.399994 111.8 2
      vertex -0.0296021 112.354 2
      vertex -0.0999908 112.32 2
    endloop
  endfacet
  facet normal 0 0 1
    outer loop
      vertex 0.121704 -12.3949 2
      vertex -0.399994 -11.8 2
      vertex 0.0447235 -12.3795 2
    endloop
  endfacet
  facet normal 0 0 1
    outer loop
      vertex -0.399994 111.8 2
      vertex -0.0999908 112.32 2
      vertex -0.165237 112.276 2
    endloop
  endfacet
  facet normal 0 0 1
    outer loop
      vertex 0.0447235 -12.3795 2
      vertex -0.399994 -11.8 2
      vertex -0.0296021 -12.3543 2
    endloop
  endfacet
  facet normal 0 0 1
    outer loop
      vertex -0.399994 111.8 2
      vertex -0.165237 112.276 2
      vertex -0.224258 112.224 2
    endloop
  endfacet
  facet normal 0 0 1
    outer loop
      vertex -0.0296021 -12.3543 2
      vertex -0.399994 -11.8 2
      vertex -0.0999908 -12.3196 2
    endloop
  endfacet
  facet normal 0 0 1
    outer loop
      vertex -0.399994 111.8 2
      vertex -0.224258 112.224 2
      vertex -0.276001 112.165 2
    endloop
  endfacet
  facet normal 0 0 1
    outer loop
      vertex -0.0999908 -12.3196 2
      vertex -0.399994 -11.8 2
      vertex -0.165237 -12.276 2
    endloop
  endfacet
  facet normal 0 0 1
    outer loop
      vertex -0.399994 111.8 2
      vertex -0.276001 112.165 2
      vertex -0.319611 112.1 2
    endloop
  endfacet
  facet normal 0 0 1
    outer loop
      vertex -0.165237 -12.276 2
      vertex -0.399994 -11.8 2
      vertex -0.224258 -12.2243 2
    endloop
  endfacet
  facet normal 0 0 1
    outer loop
      vertex -0.399994 111.8 2
      vertex -0.319611 112.1 2
      vertex -0.354309 112.03 2
    endloop
  endfacet
  facet normal 0 0 1
    outer loop
      vertex -0.224258 -12.2243 2
      vertex -0.399994 -11.8 2
      vertex -0.276001 -12.1652 2
    endloop
  endfacet
  facet normal 0 0 1
    outer loop
      vertex -0.399994 111.8 2
      vertex -0.354309 112.03 2
      vertex -0.379547 111.955 2
    endloop
  endfacet
  facet normal 0 0 1
    outer loop
      vertex -0.276001 -12.1652 2
      vertex -0.399994 -11.8 2
      vertex -0.319611 -12.1 2
    endloop
  endfacet
  facet normal 0 0 1
    outer loop
      vertex -0.399994 111.8 2
      vertex -0.379547 111.955 2
      vertex -0.394852 111.878 2
    endloop
  endfacet
  facet normal 0 0 1
    outer loop
      vertex -0.319611 -12.1 2
      vertex -0.399994 -11.8 2
      vertex -0.354309 -12.0296 2
    endloop
  endfacet
  facet normal 0 0 1
    outer loop
      vertex -0.354309 -12.0296 2
      vertex -0.399994 -11.8 2
      vertex -0.379547 -11.9553 2
    endloop
  endfacet
  facet normal 0 0 1
    outer loop
      vertex -0.379547 -11.9553 2
      vertex -0.399994 -11.8 2
      vertex -0.394852 -11.8783 2
    endloop
  endfacet
  facet normal -0 0 1
    outer loop
      vertex 8.17262 107.582 2
      vertex 158.562 96.5622 2
      vertex 8.2 108 2
    endloop
  endfacet
  facet normal -0 0 1
    outer loop
      vertex 8.09096 107.172 2
      vertex 158.562 96.5622 2
      vertex 8.17262 107.582 2
    endloop
  endfacet
  facet normal -0 0 1
    outer loop
      vertex 7.95641 106.775 2
      vertex 158.562 96.5622 2
      vertex 8.09096 107.172 2
    endloop
  endfacet
  facet normal -0 0 1
    outer loop
      vertex 7.77128 106.4 2
      vertex 158.562 96.5622 2
      vertex 7.95641 106.775 2
    endloop
  endfacet
  facet normal 0 0 1
    outer loop
      vertex 3.4378 96.5622 2
      vertex 7.77128 106.4 2
      vertex 7.53873 106.052 2
    endloop
  endfacet
  facet normal 0 0 1
    outer loop
      vertex 3.4378 96.5622 2
      vertex 7.53873 106.052 2
      vertex 7.26274 105.737 2
    endloop
  endfacet
  facet normal 0 0 1
    outer loop
      vertex 3.4378 96.5622 2
      vertex 7.26274 105.737 2
      vertex 6.94804 105.461 2
    endloop
  endfacet
  facet normal 0 0 1
    outer loop
      vertex 3.4378 96.5622 2
      vertex 6.94804 105.461 2
      vertex 6.6 105.229 2
    endloop
  endfacet
  facet normal 0 0 1
    outer loop
      vertex 3.4378 96.5622 2
      vertex 6.6 105.229 2
      vertex 6.22459 105.044 2
    endloop
  endfacet
  facet normal 0 0 1
    outer loop
      vertex 3.4378 96.5622 2
      vertex 6.22459 105.044 2
      vertex 5.82822 104.909 2
    endloop
  endfacet
  facet normal 0 0 1
    outer loop
      vertex 3.4378 96.5622 2
      vertex 5.82822 104.909 2
      vertex 5.41768 104.827 2
    endloop
  endfacet
  facet normal 0 0 1
    outer loop
      vertex 3.4378 96.5622 2
      vertex 5.41768 104.827 2
      vertex 5 104.8 2
    endloop
  endfacet
  facet normal 0 0 1
    outer loop
      vertex 7.77128 106.4 2
      vertex 3.4378 96.5622 2
      vertex 158.562 96.5622 2
    endloop
  endfacet
  facet normal 0 0 1
    outer loop
      vertex 4.58232 104.827 2
      vertex 3.4378 96.5622 2
      vertex 5 104.8 2
    endloop
  endfacet
  facet normal 0 0 1
    outer loop
      vertex 4.17178 104.909 2
      vertex 3.4378 96.5622 2
      vertex 4.58232 104.827 2
    endloop
  endfacet
  facet normal 0 0 1
    outer loop
      vertex 3.77541 105.044 2
      vertex 3.4378 96.5622 2
      vertex 4.17178 104.909 2
    endloop
  endfacet
  facet normal 0 0 1
    outer loop
      vertex 3.05196 105.461 2
      vertex 3.4378 96.5622 2
      vertex 3.4 105.229 2
    endloop
  endfacet
  facet normal 0 0 1
    outer loop
      vertex 3.4 105.229 2
      vertex 3.4378 96.5622 2
      vertex 3.77541 105.044 2
    endloop
  endfacet
  facet normal 0.896971 0.442089 0
    outer loop
      vertex -0.319611 -12.1 9.6
      vertex -0.354309 -12.0296 2
      vertex -0.354309 -12.0296 9.6
    endloop
  endfacet
  facet normal 0.896971 0.442089 0
    outer loop
      vertex -0.354309 -12.0296 2
      vertex -0.319611 -12.1 9.6
      vertex -0.319611 -12.1 2
    endloop
  endfacet
  facet normal 0.442167 0.896933 -0
    outer loop
      vertex -0.0296021 -12.3543 2
      vertex -0.0999908 -12.3196 9.6
      vertex -0.0296021 -12.3543 9.6
    endloop
  endfacet
  facet normal 0.442167 0.896933 0
    outer loop
      vertex -0.0999908 -12.3196 9.6
      vertex -0.0296021 -12.3543 2
      vertex -0.0999908 -12.3196 2
    endloop
  endfacet
  facet normal -0.436904 -0.899508 0
    outer loop
      vertex 165.03 112.354 2
      vertex 165.1 112.32 9.6
      vertex 165.03 112.354 9.6
    endloop
  endfacet
  facet normal -0.436904 -0.899508 -0
    outer loop
      vertex 165.1 112.32 9.6
      vertex 165.03 112.354 2
      vertex 165.1 112.32 2
    endloop
  endfacet
  facet normal 0.0637207 -0.997968 0
    outer loop
      vertex 0.121704 112.395 2
      vertex 0.200012 112.4 9.6
      vertex 0.121704 112.395 9.6
    endloop
  endfacet
  facet normal 0.0637207 -0.997968 0
    outer loop
      vertex 0.200012 112.4 9.6
      vertex 0.121704 112.395 2
      vertex 0.200012 112.4 2
    endloop
  endfacet
  facet normal -0.900483 0.434892 0
    outer loop
      vertex 165.32 -12.1 2
      vertex 165.354 -12.0296 9.6
      vertex 165.354 -12.0296 2
    endloop
  endfacet
  facet normal -0.900483 0.434892 0
    outer loop
      vertex 165.354 -12.0296 9.6
      vertex 165.32 -12.1 2
      vertex 165.32 -12.1 9.6
    endloop
  endfacet
  facet normal -0.981549 0.191211 0
    outer loop
      vertex 165.38 -11.9553 2
      vertex 165.395 -11.8783 9.6
      vertex 165.395 -11.8783 2
    endloop
  endfacet
  facet normal -0.981549 0.191211 0
    outer loop
      vertex 165.395 -11.8783 9.6
      vertex 165.38 -11.9553 2
      vertex 165.38 -11.9553 9.6
    endloop
  endfacet
  facet normal -0.750764 0.660571 0
    outer loop
      vertex 165.224 -12.2243 2
      vertex 165.276 -12.1652 9.6
      vertex 165.276 -12.1652 2
    endloop
  endfacet
  facet normal -0.750764 0.660571 0
    outer loop
      vertex 165.276 -12.1652 9.6
      vertex 165.224 -12.2243 2
      vertex 165.224 -12.2243 9.6
    endloop
  endfacet
  facet normal -0.444139 0.895958 0
    outer loop
      vertex 165.1 -12.3196 2
      vertex 165.03 -12.3543 9.6
      vertex 165.1 -12.3196 9.6
    endloop
  endfacet
  facet normal -0.444139 0.895958 0
    outer loop
      vertex 165.03 -12.3543 9.6
      vertex 165.1 -12.3196 2
      vertex 165.03 -12.3543 2
    endloop
  endfacet
  facet normal -0.899508 -0.436904 0
    outer loop
      vertex 165.354 112.03 2
      vertex 165.32 112.1 9.6
      vertex 165.32 112.1 2
    endloop
  endfacet
  facet normal -0.899508 -0.436904 0
    outer loop
      vertex 165.32 112.1 9.6
      vertex 165.354 112.03 2
      vertex 165.354 112.03 9.6
    endloop
  endfacet
  facet normal -0.981549 -0.191211 0
    outer loop
      vertex 165.395 111.878 2
      vertex 165.38 111.955 9.6
      vertex 165.38 111.955 2
    endloop
  endfacet
  facet normal -0.981549 -0.191211 0
    outer loop
      vertex 165.38 111.955 9.6
      vertex 165.395 111.878 2
      vertex 165.395 111.878 9.6
    endloop
  endfacet
  facet normal -0.661201 -0.750209 0
    outer loop
      vertex 165.165 112.276 2
      vertex 165.224 112.224 9.6
      vertex 165.165 112.276 9.6
    endloop
  endfacet
  facet normal -0.661201 -0.750209 -0
    outer loop
      vertex 165.224 112.224 9.6
      vertex 165.165 112.276 2
      vertex 165.224 112.224 2
    endloop
  endfacet
  facet normal 0.751831 -0.659356 0
    outer loop
      vertex -0.276001 112.165 9.6
      vertex -0.224258 112.224 2
      vertex -0.224258 112.224 9.6
    endloop
  endfacet
  facet normal 0.751831 -0.659356 0
    outer loop
      vertex -0.224258 112.224 2
      vertex -0.276001 112.165 9.6
      vertex -0.276001 112.165 2
    endloop
  endfacet
  facet normal 0.830415 -0.557145 0
    outer loop
      vertex -0.319611 112.1 9.6
      vertex -0.276001 112.165 2
      vertex -0.276001 112.165 9.6
    endloop
  endfacet
  facet normal 0.830415 -0.557145 0
    outer loop
      vertex -0.276001 112.165 2
      vertex -0.319611 112.1 9.6
      vertex -0.319611 112.1 2
    endloop
  endfacet
  facet normal 0.980813 -0.194952 0
    outer loop
      vertex -0.394852 111.878 9.6
      vertex -0.379547 111.955 2
      vertex -0.379547 111.955 9.6
    endloop
  endfacet
  facet normal 0.980813 -0.194952 0
    outer loop
      vertex -0.379547 111.955 2
      vertex -0.394852 111.878 9.6
      vertex -0.394852 111.878 2
    endloop
  endfacet
  facet normal 0.997851 0.0655293 0
    outer loop
      vertex -0.394852 -11.8783 9.6
      vertex -0.399994 -11.8 2
      vertex -0.399994 -11.8 9.6
    endloop
  endfacet
  facet normal 0.997851 0.0655293 0
    outer loop
      vertex -0.399994 -11.8 2
      vertex -0.394852 -11.8783 9.6
      vertex -0.394852 -11.8783 2
    endloop
  endfacet
  facet normal 0.831206 0.555965 0
    outer loop
      vertex -0.276001 -12.1652 9.6
      vertex -0.319611 -12.1 2
      vertex -0.319611 -12.1 9.6
    endloop
  endfacet
  facet normal 0.831206 0.555965 0
    outer loop
      vertex -0.319611 -12.1 2
      vertex -0.276001 -12.1652 9.6
      vertex -0.276001 -12.1652 2
    endloop
  endfacet
  facet normal 0.658913 0.752219 -0
    outer loop
      vertex -0.165237 -12.276 2
      vertex -0.224258 -12.2243 9.6
      vertex -0.165237 -12.276 9.6
    endloop
  endfacet
  facet normal 0.658913 0.752219 0
    outer loop
      vertex -0.224258 -12.2243 9.6
      vertex -0.165237 -12.276 2
      vertex -0.224258 -12.2243 2
    endloop
  endfacet
  facet normal 0.946866 0.321629 0
    outer loop
      vertex -0.354309 -12.0296 9.6
      vertex -0.379547 -11.9553 2
      vertex -0.379547 -11.9553 9.6
    endloop
  endfacet
  facet normal 0.946866 0.321629 0
    outer loop
      vertex -0.379547 -11.9553 2
      vertex -0.354309 -12.0296 9.6
      vertex -0.354309 -12.0296 2
    endloop
  endfacet
  facet normal 0.321095 0.947047 -0
    outer loop
      vertex 0.0447235 -12.3795 2
      vertex -0.0296021 -12.3543 9.6
      vertex 0.0447235 -12.3795 9.6
    endloop
  endfacet
  facet normal 0.321095 0.947047 0
    outer loop
      vertex -0.0296021 -12.3543 9.6
      vertex 0.0447235 -12.3795 2
      vertex -0.0296021 -12.3543 2
    endloop
  endfacet
  facet normal -0.943878 0.330294 0
    outer loop
      vertex 165.354 -12.0296 2
      vertex 165.38 -11.9553 9.6
      vertex 165.38 -11.9553 2
    endloop
  endfacet
  facet normal -0.943878 0.330294 0
    outer loop
      vertex 165.38 -11.9553 9.6
      vertex 165.354 -12.0296 2
      vertex 165.354 -12.0296 9.6
    endloop
  endfacet
  facet normal -0.997967 0.0637272 0
    outer loop
      vertex 165.395 -11.8783 2
      vertex 165.4 -11.8 9.6
      vertex 165.4 -11.8 2
    endloop
  endfacet
  facet normal -0.997967 0.0637272 0
    outer loop
      vertex 165.4 -11.8 9.6
      vertex 165.395 -11.8783 2
      vertex 165.395 -11.8783 9.6
    endloop
  endfacet
  facet normal -0.828908 0.559386 0
    outer loop
      vertex 165.276 -12.1652 2
      vertex 165.32 -12.1 9.6
      vertex 165.32 -12.1 2
    endloop
  endfacet
  facet normal -0.828908 0.559386 0
    outer loop
      vertex 165.32 -12.1 9.6
      vertex 165.276 -12.1652 2
      vertex 165.276 -12.1652 9.6
    endloop
  endfacet
  facet normal -0.557057 0.830474 0
    outer loop
      vertex 165.165 -12.276 2
      vertex 165.1 -12.3196 9.6
      vertex 165.165 -12.276 9.6
    endloop
  endfacet
  facet normal -0.557057 0.830474 0
    outer loop
      vertex 165.1 -12.3196 9.6
      vertex 165.165 -12.276 2
      vertex 165.1 -12.3196 2
    endloop
  endfacet
  facet normal -0.944836 -0.327543 0
    outer loop
      vertex 165.38 111.955 2
      vertex 165.354 112.03 9.6
      vertex 165.354 112.03 2
    endloop
  endfacet
  facet normal -0.944836 -0.327543 0
    outer loop
      vertex 165.354 112.03 9.6
      vertex 165.38 111.955 2
      vertex 165.38 111.955 9.6
    endloop
  endfacet
  facet normal -0.997952 -0.0639713 0
    outer loop
      vertex 165.4 111.8 2
      vertex 165.395 111.878 9.6
      vertex 165.395 111.878 2
    endloop
  endfacet
  facet normal -0.997952 -0.0639713 0
    outer loop
      vertex 165.395 111.878 9.6
      vertex 165.4 111.8 2
      vertex 165.4 111.8 9.6
    endloop
  endfacet
  facet normal -0.750209 -0.661201 0
    outer loop
      vertex 165.276 112.165 2
      vertex 165.224 112.224 9.6
      vertex 165.224 112.224 2
    endloop
  endfacet
  facet normal -0.750209 -0.661201 0
    outer loop
      vertex 165.224 112.224 9.6
      vertex 165.276 112.165 2
      vertex 165.276 112.165 9.6
    endloop
  endfacet
  facet normal -0.828109 -0.560566 0
    outer loop
      vertex 165.32 112.1 2
      vertex 165.276 112.165 9.6
      vertex 165.276 112.165 2
    endloop
  endfacet
  facet normal -0.828109 -0.560566 0
    outer loop
      vertex 165.276 112.165 9.6
      vertex 165.32 112.1 2
      vertex 165.32 112.1 9.6
    endloop
  endfacet
  facet normal 0.434949 -0.900455 0
    outer loop
      vertex -0.0999908 112.32 2
      vertex -0.0296021 112.354 9.6
      vertex -0.0999908 112.32 9.6
    endloop
  endfacet
  facet normal 0.434949 -0.900455 0
    outer loop
      vertex -0.0296021 112.354 9.6
      vertex -0.0999908 112.32 2
      vertex -0.0296021 112.354 2
    endloop
  endfacet
  facet normal 0.947777 -0.318933 0
    outer loop
      vertex -0.379547 111.955 9.6
      vertex -0.354309 112.03 2
      vertex -0.354309 112.03 9.6
    endloop
  endfacet
  facet normal 0.947777 -0.318933 0
    outer loop
      vertex -0.354309 112.03 2
      vertex -0.379547 111.955 9.6
      vertex -0.379547 111.955 2
    endloop
  endfacet
  facet normal 0.895968 -0.444119 0
    outer loop
      vertex -0.354309 112.03 9.6
      vertex -0.319611 112.1 2
      vertex -0.319611 112.1 9.6
    endloop
  endfacet
  facet normal 0.895968 -0.444119 0
    outer loop
      vertex -0.319611 112.1 2
      vertex -0.354309 112.03 9.6
      vertex -0.354309 112.03 2
    endloop
  endfacet
  facet normal 0.752384 0.658724 0
    outer loop
      vertex -0.224258 -12.2243 9.6
      vertex -0.276001 -12.1652 2
      vertex -0.276001 -12.1652 9.6
    endloop
  endfacet
  facet normal 0.752384 0.658724 0
    outer loop
      vertex -0.276001 -12.1652 2
      vertex -0.224258 -12.2243 9.6
      vertex -0.224258 -12.2243 2
    endloop
  endfacet
  facet normal 0.980813 0.194952 0
    outer loop
      vertex -0.379547 -11.9553 9.6
      vertex -0.394852 -11.8783 2
      vertex -0.394852 -11.8783 9.6
    endloop
  endfacet
  facet normal 0.980813 0.194952 0
    outer loop
      vertex -0.394852 -11.8783 2
      vertex -0.379547 -11.9553 9.6
      vertex -0.379547 -11.9553 2
    endloop
  endfacet
  facet normal 0.661069 -0.750326 0
    outer loop
      vertex -0.224258 112.224 2
      vertex -0.165237 112.276 9.6
      vertex -0.224258 112.224 9.6
    endloop
  endfacet
  facet normal 0.661069 -0.750326 0
    outer loop
      vertex -0.165237 112.276 9.6
      vertex -0.224258 112.224 2
      vertex -0.165237 112.276 2
    endloop
  endfacet
  facet normal 0.559113 -0.829091 0
    outer loop
      vertex -0.165237 112.276 2
      vertex -0.0999908 112.32 9.6
      vertex -0.165237 112.276 9.6
    endloop
  endfacet
  facet normal 0.559113 -0.829091 0
    outer loop
      vertex -0.0999908 112.32 9.6
      vertex -0.165237 112.276 2
      vertex -0.0999908 112.32 2
    endloop
  endfacet
  facet normal 0.55561 0.831443 -0
    outer loop
      vertex 163.948 -5.46127 2
      vertex 163.6 -5.22872 8.2
      vertex 163.948 -5.46127 8.2
    endloop
  endfacet
  facet normal 0.55561 0.831443 0
    outer loop
      vertex 163.6 -5.22872 8.2
      vertex 163.948 -5.46127 2
      vertex 163.6 -5.22872 2
    endloop
  endfacet
  facet normal -0.946602 0.322404 0
    outer loop
      vertex 158.909 -7.17178 2
      vertex 159.044 -6.77541 8.2
      vertex 159.044 -6.77541 2
    endloop
  endfacet
  facet normal -0.946602 0.322404 0
    outer loop
      vertex 159.044 -6.77541 8.2
      vertex 158.909 -7.17178 2
      vertex 158.909 -7.17178 8.2
    endloop
  endfacet
  facet normal -0.32109 -0.947049 0
    outer loop
      vertex 160.775 -10.9564 2
      vertex 161.172 -11.091 8.2
      vertex 160.775 -10.9564 8.2
    endloop
  endfacet
  facet normal -0.32109 -0.947049 -0
    outer loop
      vertex 161.172 -11.091 8.2
      vertex 160.775 -10.9564 2
      vertex 161.172 -11.091 2
    endloop
  endfacet
  facet normal -0.320962 0.947092 0
    outer loop
      vertex 161.172 -4.90904 2
      vertex 160.775 -5.04358 8.2
      vertex 161.172 -4.90904 8.2
    endloop
  endfacet
  facet normal -0.320962 0.947092 0
    outer loop
      vertex 160.775 -5.04358 8.2
      vertex 161.172 -4.90904 2
      vertex 160.775 -5.04358 2
    endloop
  endfacet
  facet normal -0.896998 0.442036 0
    outer loop
      vertex 159.044 -6.77541 2
      vertex 159.229 -6.4 8.2
      vertex 159.229 -6.4 2
    endloop
  endfacet
  facet normal -0.896998 0.442036 0
    outer loop
      vertex 159.229 -6.4 8.2
      vertex 159.044 -6.77541 2
      vertex 159.044 -6.77541 8.2
    endloop
  endfacet
  facet normal 0.896998 0.442036 0
    outer loop
      vertex 164.956 -6.77541 8.2
      vertex 164.771 -6.4 2
      vertex 164.771 -6.4 8.2
    endloop
  endfacet
  facet normal 0.896998 0.442036 0
    outer loop
      vertex 164.771 -6.4 2
      vertex 164.956 -6.77541 8.2
      vertex 164.956 -6.77541 2
    endloop
  endfacet
  facet normal 0.98063 0.195868 0
    outer loop
      vertex 165.173 -7.58232 8.2
      vertex 165.091 -7.17178 2
      vertex 165.091 -7.17178 8.2
    endloop
  endfacet
  facet normal 0.98063 0.195868 0
    outer loop
      vertex 165.091 -7.17178 2
      vertex 165.173 -7.58232 8.2
      vertex 165.173 -7.58232 2
    endloop
  endfacet
  facet normal 0.83208 0.554656 0
    outer loop
      vertex 164.771 -6.4 8.2
      vertex 164.539 -6.05196 2
      vertex 164.539 -6.05196 8.2
    endloop
  endfacet
  facet normal 0.83208 0.554656 0
    outer loop
      vertex 164.539 -6.05196 2
      vertex 164.771 -6.4 8.2
      vertex 164.771 -6.4 2
    endloop
  endfacet
  facet normal 0.320962 0.947092 -0
    outer loop
      vertex 163.225 -5.04358 2
      vertex 162.828 -4.90904 8.2
      vertex 163.225 -5.04358 8.2
    endloop
  endfacet
  facet normal 0.320962 0.947092 0
    outer loop
      vertex 162.828 -4.90904 8.2
      vertex 163.225 -5.04358 2
      vertex 162.828 -4.90904 2
    endloop
  endfacet
  facet normal 0.0653623 0.997862 -0
    outer loop
      vertex 162.418 -4.82738 2
      vertex 162 -4.8 8.2
      vertex 162.418 -4.82738 8.2
    endloop
  endfacet
  facet normal 0.0653623 0.997862 0
    outer loop
      vertex 162 -4.8 8.2
      vertex 162.418 -4.82738 2
      vertex 162 -4.8 2
    endloop
  endfacet
  facet normal -0.98063 0.195868 0
    outer loop
      vertex 158.827 -7.58232 2
      vertex 158.909 -7.17178 8.2
      vertex 158.909 -7.17178 2
    endloop
  endfacet
  facet normal -0.98063 0.195868 0
    outer loop
      vertex 158.909 -7.17178 8.2
      vertex 158.827 -7.58232 2
      vertex 158.827 -7.58232 8.2
    endloop
  endfacet
  facet normal -0.751821 0.659367 0
    outer loop
      vertex 159.461 -6.05196 2
      vertex 159.737 -5.73726 8.2
      vertex 159.737 -5.73726 2
    endloop
  endfacet
  facet normal -0.751821 0.659367 0
    outer loop
      vertex 159.737 -5.73726 8.2
      vertex 159.461 -6.05196 2
      vertex 159.461 -6.05196 8.2
    endloop
  endfacet
  facet normal -0.195334 0.980737 0
    outer loop
      vertex 161.582 -4.82738 2
      vertex 161.172 -4.90904 8.2
      vertex 161.582 -4.82738 8.2
    endloop
  endfacet
  facet normal -0.195334 0.980737 0
    outer loop
      vertex 161.172 -4.90904 8.2
      vertex 161.582 -4.82738 2
      vertex 161.172 -4.90904 2
    endloop
  endfacet
  facet normal -0.658998 0.752145 0
    outer loop
      vertex 160.052 -5.46127 2
      vertex 159.737 -5.73726 8.2
      vertex 160.052 -5.46127 8.2
    endloop
  endfacet
  facet normal -0.658998 0.752145 0
    outer loop
      vertex 159.737 -5.73726 8.2
      vertex 160.052 -5.46127 2
      vertex 159.737 -5.73726 2
    endloop
  endfacet
  facet normal 0.997917 0.0645081 0
    outer loop
      vertex 165.2 -8 8.2
      vertex 165.173 -7.58232 2
      vertex 165.173 -7.58232 8.2
    endloop
  endfacet
  facet normal 0.997917 0.0645081 0
    outer loop
      vertex 165.173 -7.58232 2
      vertex 165.2 -8 8.2
      vertex 165.2 -8 2
    endloop
  endfacet
  facet normal 0.555692 -0.831388 0
    outer loop
      vertex 163.6 -10.7713 2
      vertex 163.948 -10.5387 8.2
      vertex 163.6 -10.7713 8.2
    endloop
  endfacet
  facet normal 0.555692 -0.831388 0
    outer loop
      vertex 163.948 -10.5387 8.2
      vertex 163.6 -10.7713 2
      vertex 163.948 -10.5387 2
    endloop
  endfacet
  facet normal 0.83208 -0.554656 0
    outer loop
      vertex 164.539 -9.94804 8.2
      vertex 164.771 -9.6 2
      vertex 164.771 -9.6 8.2
    endloop
  endfacet
  facet normal 0.83208 -0.554656 0
    outer loop
      vertex 164.771 -9.6 2
      vertex 164.539 -9.94804 8.2
      vertex 164.539 -9.94804 2
    endloop
  endfacet
  facet normal -0.195196 -0.980764 0
    outer loop
      vertex 161.172 -11.091 2
      vertex 161.582 -11.1726 8.2
      vertex 161.172 -11.091 8.2
    endloop
  endfacet
  facet normal -0.195196 -0.980764 -0
    outer loop
      vertex 161.582 -11.1726 8.2
      vertex 161.172 -11.091 2
      vertex 161.582 -11.1726 2
    endloop
  endfacet
  facet normal -0.659012 -0.752133 0
    outer loop
      vertex 159.737 -10.2627 2
      vertex 160.052 -10.5387 8.2
      vertex 159.737 -10.2627 8.2
    endloop
  endfacet
  facet normal -0.659012 -0.752133 -0
    outer loop
      vertex 160.052 -10.5387 8.2
      vertex 159.737 -10.2627 2
      vertex 160.052 -10.5387 2
    endloop
  endfacet
  facet normal 0.946602 0.322404 0
    outer loop
      vertex 165.091 -7.17178 8.2
      vertex 164.956 -6.77541 2
      vertex 164.956 -6.77541 8.2
    endloop
  endfacet
  facet normal 0.946602 0.322404 0
    outer loop
      vertex 164.956 -6.77541 2
      vertex 165.091 -7.17178 8.2
      vertex 165.091 -7.17178 2
    endloop
  endfacet
  facet normal 0.751821 0.659367 0
    outer loop
      vertex 164.539 -6.05196 8.2
      vertex 164.263 -5.73726 2
      vertex 164.263 -5.73726 8.2
    endloop
  endfacet
  facet normal 0.751821 0.659367 0
    outer loop
      vertex 164.263 -5.73726 2
      vertex 164.539 -6.05196 8.2
      vertex 164.539 -6.05196 2
    endloop
  endfacet
  facet normal 0.658998 0.752145 -0
    outer loop
      vertex 164.263 -5.73726 2
      vertex 163.948 -5.46127 8.2
      vertex 164.263 -5.73726 8.2
    endloop
  endfacet
  facet normal 0.658998 0.752145 0
    outer loop
      vertex 163.948 -5.46127 8.2
      vertex 164.263 -5.73726 2
      vertex 163.948 -5.46127 2
    endloop
  endfacet
  facet normal 0.442693 0.896673 -0
    outer loop
      vertex 163.6 -5.22872 2
      vertex 163.225 -5.04358 8.2
      vertex 163.6 -5.22872 8.2
    endloop
  endfacet
  facet normal 0.442693 0.896673 0
    outer loop
      vertex 163.225 -5.04358 8.2
      vertex 163.6 -5.22872 2
      vertex 163.225 -5.04358 2
    endloop
  endfacet
  facet normal 0.195334 0.980737 -0
    outer loop
      vertex 162.828 -4.90904 2
      vertex 162.418 -4.82738 8.2
      vertex 162.828 -4.90904 8.2
    endloop
  endfacet
  facet normal 0.195334 0.980737 0
    outer loop
      vertex 162.418 -4.82738 8.2
      vertex 162.828 -4.90904 2
      vertex 162.418 -4.82738 2
    endloop
  endfacet
  facet normal -0.997917 0.0645081 0
    outer loop
      vertex 158.8 -8 2
      vertex 158.827 -7.58232 8.2
      vertex 158.827 -7.58232 2
    endloop
  endfacet
  facet normal -0.997917 0.0645081 0
    outer loop
      vertex 158.827 -7.58232 8.2
      vertex 158.8 -8 2
      vertex 158.8 -8 8.2
    endloop
  endfacet
  facet normal -0.83208 0.554656 0
    outer loop
      vertex 159.229 -6.4 2
      vertex 159.461 -6.05196 8.2
      vertex 159.461 -6.05196 2
    endloop
  endfacet
  facet normal -0.83208 0.554656 0
    outer loop
      vertex 159.461 -6.05196 8.2
      vertex 159.229 -6.4 2
      vertex 159.229 -6.4 8.2
    endloop
  endfacet
  facet normal -0.0653623 0.997862 0
    outer loop
      vertex 162 -4.8 2
      vertex 161.582 -4.82738 8.2
      vertex 162 -4.8 8.2
    endloop
  endfacet
  facet normal -0.0653623 0.997862 0
    outer loop
      vertex 161.582 -4.82738 8.2
      vertex 162 -4.8 2
      vertex 161.582 -4.82738 2
    endloop
  endfacet
  facet normal -0.55561 0.831443 0
    outer loop
      vertex 160.4 -5.22872 2
      vertex 160.052 -5.46127 8.2
      vertex 160.4 -5.22872 8.2
    endloop
  endfacet
  facet normal -0.55561 0.831443 0
    outer loop
      vertex 160.052 -5.46127 8.2
      vertex 160.4 -5.22872 2
      vertex 160.052 -5.46127 2
    endloop
  endfacet
  facet normal -0.442693 0.896673 0
    outer loop
      vertex 160.775 -5.04358 2
      vertex 160.4 -5.22872 8.2
      vertex 160.775 -5.04358 8.2
    endloop
  endfacet
  facet normal -0.442693 0.896673 0
    outer loop
      vertex 160.4 -5.22872 8.2
      vertex 160.775 -5.04358 2
      vertex 160.4 -5.22872 2
    endloop
  endfacet
  facet normal 0.98063 -0.195868 0
    outer loop
      vertex 165.091 -8.82822 8.2
      vertex 165.173 -8.41768 2
      vertex 165.173 -8.41768 8.2
    endloop
  endfacet
  facet normal 0.98063 -0.195868 0
    outer loop
      vertex 165.173 -8.41768 2
      vertex 165.091 -8.82822 8.2
      vertex 165.091 -8.82822 2
    endloop
  endfacet
  facet normal 0.0654099 -0.997858 0
    outer loop
      vertex 162 -11.2 2
      vertex 162.418 -11.1726 8.2
      vertex 162 -11.2 8.2
    endloop
  endfacet
  facet normal 0.0654099 -0.997858 0
    outer loop
      vertex 162.418 -11.1726 8.2
      vertex 162 -11.2 2
      vertex 162.418 -11.1726 2
    endloop
  endfacet
  facet normal 0.195196 -0.980764 0
    outer loop
      vertex 162.418 -11.1726 2
      vertex 162.828 -11.091 8.2
      vertex 162.418 -11.1726 8.2
    endloop
  endfacet
  facet normal 0.195196 -0.980764 0
    outer loop
      vertex 162.828 -11.091 8.2
      vertex 162.418 -11.1726 2
      vertex 162.828 -11.091 2
    endloop
  endfacet
  facet normal 0.32109 -0.947049 0
    outer loop
      vertex 162.828 -11.091 2
      vertex 163.225 -10.9564 8.2
      vertex 162.828 -11.091 8.2
    endloop
  endfacet
  facet normal 0.32109 -0.947049 0
    outer loop
      vertex 163.225 -10.9564 8.2
      vertex 162.828 -11.091 2
      vertex 163.225 -10.9564 2
    endloop
  endfacet
  facet normal 0.659012 -0.752133 0
    outer loop
      vertex 163.948 -10.5387 2
      vertex 164.263 -10.2627 8.2
      vertex 163.948 -10.5387 8.2
    endloop
  endfacet
  facet normal 0.659012 -0.752133 0
    outer loop
      vertex 164.263 -10.2627 8.2
      vertex 163.948 -10.5387 2
      vertex 164.263 -10.2627 2
    endloop
  endfacet
  facet normal 0.896998 -0.442036 0
    outer loop
      vertex 164.771 -9.6 8.2
      vertex 164.956 -9.22459 2
      vertex 164.956 -9.22459 8.2
    endloop
  endfacet
  facet normal 0.896998 -0.442036 0
    outer loop
      vertex 164.956 -9.22459 2
      vertex 164.771 -9.6 8.2
      vertex 164.771 -9.6 2
    endloop
  endfacet
  facet normal -0.0654099 -0.997858 0
    outer loop
      vertex 161.582 -11.1726 2
      vertex 162 -11.2 8.2
      vertex 161.582 -11.1726 8.2
    endloop
  endfacet
  facet normal -0.0654099 -0.997858 -0
    outer loop
      vertex 162 -11.2 8.2
      vertex 161.582 -11.1726 2
      vertex 162 -11.2 2
    endloop
  endfacet
  facet normal -0.555692 -0.831388 0
    outer loop
      vertex 160.052 -10.5387 2
      vertex 160.4 -10.7713 8.2
      vertex 160.052 -10.5387 8.2
    endloop
  endfacet
  facet normal -0.555692 -0.831388 -0
    outer loop
      vertex 160.4 -10.7713 8.2
      vertex 160.052 -10.5387 2
      vertex 160.4 -10.7713 2
    endloop
  endfacet
  facet normal -0.946602 -0.322404 0
    outer loop
      vertex 159.044 -9.22459 2
      vertex 158.909 -8.82822 8.2
      vertex 158.909 -8.82822 2
    endloop
  endfacet
  facet normal -0.946602 -0.322404 0
    outer loop
      vertex 158.909 -8.82822 8.2
      vertex 159.044 -9.22459 2
      vertex 159.044 -9.22459 8.2
    endloop
  endfacet
  facet normal -0.997917 -0.0645081 0
    outer loop
      vertex 158.827 -8.41768 2
      vertex 158.8 -8 8.2
      vertex 158.8 -8 2
    endloop
  endfacet
  facet normal -0.997917 -0.0645081 0
    outer loop
      vertex 158.8 -8 8.2
      vertex 158.827 -8.41768 2
      vertex 158.827 -8.41768 8.2
    endloop
  endfacet
  facet normal -0.75178 -0.659414 0
    outer loop
      vertex 159.737 -10.2627 2
      vertex 159.461 -9.94804 8.2
      vertex 159.461 -9.94804 2
    endloop
  endfacet
  facet normal -0.75178 -0.659414 0
    outer loop
      vertex 159.461 -9.94804 8.2
      vertex 159.737 -10.2627 2
      vertex 159.737 -10.2627 8.2
    endloop
  endfacet
  facet normal -0.896998 -0.442036 0
    outer loop
      vertex 159.229 -9.6 2
      vertex 159.044 -9.22459 8.2
      vertex 159.044 -9.22459 2
    endloop
  endfacet
  facet normal -0.896998 -0.442036 0
    outer loop
      vertex 159.044 -9.22459 8.2
      vertex 159.229 -9.6 2
      vertex 159.229 -9.6 8.2
    endloop
  endfacet
  facet normal 0 0 1
    outer loop
      vertex 163.05 -8 8.2
      vertex 165.2 -8 8.2
      vertex 165.173 -7.58232 8.2
    endloop
  endfacet
  facet normal 0 0 1
    outer loop
      vertex 163.041 -7.86295 8.2
      vertex 165.173 -7.58232 8.2
      vertex 165.091 -7.17178 8.2
    endloop
  endfacet
  facet normal 0 0 1
    outer loop
      vertex 165.2 -8 8.2
      vertex 163.05 -8 8.2
      vertex 165.173 -8.41768 8.2
    endloop
  endfacet
  facet normal 0 0 1
    outer loop
      vertex 163.014 -7.72824 8.2
      vertex 165.091 -7.17178 8.2
      vertex 164.956 -6.77541 8.2
    endloop
  endfacet
  facet normal -0 0 1
    outer loop
      vertex 163.041 -8.13705 8.2
      vertex 165.173 -8.41768 8.2
      vertex 163.05 -8 8.2
    endloop
  endfacet
  facet normal 0 0 1
    outer loop
      vertex 162.97 -7.59818 8.2
      vertex 164.956 -6.77541 8.2
      vertex 164.771 -6.4 8.2
    endloop
  endfacet
  facet normal 0 0 1
    outer loop
      vertex 165.173 -8.41768 8.2
      vertex 163.041 -8.13705 8.2
      vertex 165.091 -8.82822 8.2
    endloop
  endfacet
  facet normal 0 0 1
    outer loop
      vertex 162.909 -7.475 8.2
      vertex 164.771 -6.4 8.2
      vertex 164.539 -6.05196 8.2
    endloop
  endfacet
  facet normal -0 0 1
    outer loop
      vertex 163.014 -8.27176 8.2
      vertex 165.091 -8.82822 8.2
      vertex 163.041 -8.13705 8.2
    endloop
  endfacet
  facet normal 0 0 1
    outer loop
      vertex 162.833 -7.3608 8.2
      vertex 164.539 -6.05196 8.2
      vertex 164.263 -5.73726 8.2
    endloop
  endfacet
  facet normal 0 0 1
    outer loop
      vertex 165.091 -8.82822 8.2
      vertex 163.014 -8.27176 8.2
      vertex 164.956 -9.22459 8.2
    endloop
  endfacet
  facet normal 0 0 1
    outer loop
      vertex 162.742 -7.25754 8.2
      vertex 164.263 -5.73726 8.2
      vertex 163.948 -5.46127 8.2
    endloop
  endfacet
  facet normal -0 0 1
    outer loop
      vertex 162.97 -8.40182 8.2
      vertex 164.956 -9.22459 8.2
      vertex 163.014 -8.27176 8.2
    endloop
  endfacet
  facet normal 0 0 1
    outer loop
      vertex 162.639 -7.16698 8.2
      vertex 163.948 -5.46127 8.2
      vertex 163.6 -5.22872 8.2
    endloop
  endfacet
  facet normal 0 0 1
    outer loop
      vertex 164.956 -9.22459 8.2
      vertex 162.97 -8.40182 8.2
      vertex 164.771 -9.6 8.2
    endloop
  endfacet
  facet normal 0 0 1
    outer loop
      vertex 162.525 -7.09067 8.2
      vertex 163.6 -5.22872 8.2
      vertex 163.225 -5.04358 8.2
    endloop
  endfacet
  facet normal -0 0 1
    outer loop
      vertex 162.909 -8.525 8.2
      vertex 164.771 -9.6 8.2
      vertex 162.97 -8.40182 8.2
    endloop
  endfacet
  facet normal 0 0 1
    outer loop
      vertex 164.771 -9.6 8.2
      vertex 162.909 -8.525 8.2
      vertex 164.539 -9.94804 8.2
    endloop
  endfacet
  facet normal 0 0 1
    outer loop
      vertex 165.173 -7.58232 8.2
      vertex 163.041 -7.86295 8.2
      vertex 163.05 -8 8.2
    endloop
  endfacet
  facet normal 0 0 1
    outer loop
      vertex 165.091 -7.17178 8.2
      vertex 163.014 -7.72824 8.2
      vertex 163.041 -7.86295 8.2
    endloop
  endfacet
  facet normal 0 0 1
    outer loop
      vertex 164.956 -6.77541 8.2
      vertex 162.97 -7.59818 8.2
      vertex 163.014 -7.72824 8.2
    endloop
  endfacet
  facet normal 0 0 1
    outer loop
      vertex 164.771 -6.4 8.2
      vertex 162.909 -7.475 8.2
      vertex 162.97 -7.59818 8.2
    endloop
  endfacet
  facet normal 0 0 1
    outer loop
      vertex 164.539 -6.05196 8.2
      vertex 162.833 -7.3608 8.2
      vertex 162.909 -7.475 8.2
    endloop
  endfacet
  facet normal 0 0 1
    outer loop
      vertex 162.402 -7.02993 8.2
      vertex 163.225 -5.04358 8.2
      vertex 162.828 -4.90904 8.2
    endloop
  endfacet
  facet normal 0 0 1
    outer loop
      vertex 164.263 -5.73726 8.2
      vertex 162.742 -7.25754 8.2
      vertex 162.833 -7.3608 8.2
    endloop
  endfacet
  facet normal 0 0 1
    outer loop
      vertex 163.948 -5.46127 8.2
      vertex 162.639 -7.16698 8.2
      vertex 162.742 -7.25754 8.2
    endloop
  endfacet
  facet normal 0 0 1
    outer loop
      vertex 163.6 -5.22872 8.2
      vertex 162.525 -7.09067 8.2
      vertex 162.639 -7.16698 8.2
    endloop
  endfacet
  facet normal 0 0 1
    outer loop
      vertex 162.272 -6.98578 8.2
      vertex 162.828 -4.90904 8.2
      vertex 162.418 -4.82738 8.2
    endloop
  endfacet
  facet normal 0 0 1
    outer loop
      vertex 163.225 -5.04358 8.2
      vertex 162.402 -7.02993 8.2
      vertex 162.525 -7.09067 8.2
    endloop
  endfacet
  facet normal 0 0 1
    outer loop
      vertex 162.828 -4.90904 8.2
      vertex 162.272 -6.98578 8.2
      vertex 162.402 -7.02993 8.2
    endloop
  endfacet
  facet normal 0 0 1
    outer loop
      vertex 162.418 -4.82738 8.2
      vertex 162.137 -6.95898 8.2
      vertex 162.272 -6.98578 8.2
    endloop
  endfacet
  facet normal 0 0 1
    outer loop
      vertex 162 -4.8 8.2
      vertex 162.137 -6.95898 8.2
      vertex 162.418 -4.82738 8.2
    endloop
  endfacet
  facet normal 0 0 1
    outer loop
      vertex 162 -4.8 8.2
      vertex 162 -6.95 8.2
      vertex 162.137 -6.95898 8.2
    endloop
  endfacet
  facet normal 0 0 1
    outer loop
      vertex 162 -4.8 8.2
      vertex 161.863 -6.95898 8.2
      vertex 162 -6.95 8.2
    endloop
  endfacet
  facet normal -0 0 1
    outer loop
      vertex 161.582 -4.82738 8.2
      vertex 161.863 -6.95898 8.2
      vertex 162 -4.8 8.2
    endloop
  endfacet
  facet normal 0 0 1
    outer loop
      vertex 161.863 -6.95898 8.2
      vertex 161.582 -4.82738 8.2
      vertex 161.728 -6.98578 8.2
    endloop
  endfacet
  facet normal -0 0 1
    outer loop
      vertex 161.172 -4.90904 8.2
      vertex 161.728 -6.98578 8.2
      vertex 161.582 -4.82738 8.2
    endloop
  endfacet
  facet normal 0 0 1
    outer loop
      vertex 161.728 -6.98578 8.2
      vertex 161.172 -4.90904 8.2
      vertex 161.598 -7.02993 8.2
    endloop
  endfacet
  facet normal -0 0 1
    outer loop
      vertex 160.775 -5.04358 8.2
      vertex 161.598 -7.02993 8.2
      vertex 161.172 -4.90904 8.2
    endloop
  endfacet
  facet normal 0 0 1
    outer loop
      vertex 161.598 -7.02993 8.2
      vertex 160.775 -5.04358 8.2
      vertex 161.475 -7.09067 8.2
    endloop
  endfacet
  facet normal -0 0 1
    outer loop
      vertex 160.4 -5.22872 8.2
      vertex 161.475 -7.09067 8.2
      vertex 160.775 -5.04358 8.2
    endloop
  endfacet
  facet normal 0 0 1
    outer loop
      vertex 161.475 -7.09067 8.2
      vertex 160.4 -5.22872 8.2
      vertex 161.361 -7.16698 8.2
    endloop
  endfacet
  facet normal -0 0 1
    outer loop
      vertex 160.052 -5.46127 8.2
      vertex 161.361 -7.16698 8.2
      vertex 160.4 -5.22872 8.2
    endloop
  endfacet
  facet normal 0 0 1
    outer loop
      vertex 161.361 -7.16698 8.2
      vertex 160.052 -5.46127 8.2
      vertex 161.258 -7.25754 8.2
    endloop
  endfacet
  facet normal -0 0 1
    outer loop
      vertex 159.737 -5.73726 8.2
      vertex 161.258 -7.25754 8.2
      vertex 160.052 -5.46127 8.2
    endloop
  endfacet
  facet normal 0 0 1
    outer loop
      vertex 161.258 -7.25754 8.2
      vertex 159.737 -5.73726 8.2
      vertex 161.167 -7.3608 8.2
    endloop
  endfacet
  facet normal 0 0 1
    outer loop
      vertex 161.167 -7.3608 8.2
      vertex 159.461 -6.05196 8.2
      vertex 161.091 -7.475 8.2
    endloop
  endfacet
  facet normal -0 0 1
    outer loop
      vertex 159.461 -6.05196 8.2
      vertex 161.167 -7.3608 8.2
      vertex 159.737 -5.73726 8.2
    endloop
  endfacet
  facet normal -0 0 1
    outer loop
      vertex 162.833 -8.6392 8.2
      vertex 164.539 -9.94804 8.2
      vertex 162.909 -8.525 8.2
    endloop
  endfacet
  facet normal 0 0 1
    outer loop
      vertex 164.539 -9.94804 8.2
      vertex 162.833 -8.6392 8.2
      vertex 164.263 -10.2627 8.2
    endloop
  endfacet
  facet normal -0 0 1
    outer loop
      vertex 162.742 -8.74246 8.2
      vertex 164.263 -10.2627 8.2
      vertex 162.833 -8.6392 8.2
    endloop
  endfacet
  facet normal 0 0 1
    outer loop
      vertex 164.263 -10.2627 8.2
      vertex 162.742 -8.74246 8.2
      vertex 163.948 -10.5387 8.2
    endloop
  endfacet
  facet normal -0 0 1
    outer loop
      vertex 162.639 -8.83302 8.2
      vertex 163.948 -10.5387 8.2
      vertex 162.742 -8.74246 8.2
    endloop
  endfacet
  facet normal 0 0 1
    outer loop
      vertex 163.948 -10.5387 8.2
      vertex 162.639 -8.83302 8.2
      vertex 163.6 -10.7713 8.2
    endloop
  endfacet
  facet normal -0 0 1
    outer loop
      vertex 162.525 -8.90933 8.2
      vertex 163.6 -10.7713 8.2
      vertex 162.639 -8.83302 8.2
    endloop
  endfacet
  facet normal 0 0 1
    outer loop
      vertex 163.6 -10.7713 8.2
      vertex 162.525 -8.90933 8.2
      vertex 163.225 -10.9564 8.2
    endloop
  endfacet
  facet normal -0 0 1
    outer loop
      vertex 162.402 -8.97007 8.2
      vertex 163.225 -10.9564 8.2
      vertex 162.525 -8.90933 8.2
    endloop
  endfacet
  facet normal 0 0 1
    outer loop
      vertex 163.225 -10.9564 8.2
      vertex 162.402 -8.97007 8.2
      vertex 162.828 -11.091 8.2
    endloop
  endfacet
  facet normal -0 0 1
    outer loop
      vertex 162.272 -9.01422 8.2
      vertex 162.828 -11.091 8.2
      vertex 162.402 -8.97007 8.2
    endloop
  endfacet
  facet normal 0 0 1
    outer loop
      vertex 162.828 -11.091 8.2
      vertex 162.272 -9.01422 8.2
      vertex 162.418 -11.1726 8.2
    endloop
  endfacet
  facet normal -0 0 1
    outer loop
      vertex 162.137 -9.04102 8.2
      vertex 162.418 -11.1726 8.2
      vertex 162.272 -9.01422 8.2
    endloop
  endfacet
  facet normal -0 0 1
    outer loop
      vertex 162 -9.05 8.2
      vertex 162.418 -11.1726 8.2
      vertex 162.137 -9.04102 8.2
    endloop
  endfacet
  facet normal 0 0 1
    outer loop
      vertex 162 -9.05 8.2
      vertex 162 -11.2 8.2
      vertex 162.418 -11.1726 8.2
    endloop
  endfacet
  facet normal 0 0 1
    outer loop
      vertex 161.863 -9.04102 8.2
      vertex 162 -11.2 8.2
      vertex 162 -9.05 8.2
    endloop
  endfacet
  facet normal 0 0 1
    outer loop
      vertex 161.582 -11.1726 8.2
      vertex 161.863 -9.04102 8.2
      vertex 161.728 -9.01422 8.2
    endloop
  endfacet
  facet normal 0 0 1
    outer loop
      vertex 161.172 -11.091 8.2
      vertex 161.728 -9.01422 8.2
      vertex 161.598 -8.97007 8.2
    endloop
  endfacet
  facet normal 0 0 1
    outer loop
      vertex 161.863 -9.04102 8.2
      vertex 161.582 -11.1726 8.2
      vertex 162 -11.2 8.2
    endloop
  endfacet
  facet normal 0 0 1
    outer loop
      vertex 160.775 -10.9564 8.2
      vertex 161.598 -8.97007 8.2
      vertex 161.475 -8.90933 8.2
    endloop
  endfacet
  facet normal 0 0 1
    outer loop
      vertex 160.4 -10.7713 8.2
      vertex 161.475 -8.90933 8.2
      vertex 161.361 -8.83302 8.2
    endloop
  endfacet
  facet normal 0 0 1
    outer loop
      vertex 160.052 -10.5387 8.2
      vertex 161.361 -8.83302 8.2
      vertex 161.258 -8.74246 8.2
    endloop
  endfacet
  facet normal 0 0 1
    outer loop
      vertex 161.728 -9.01422 8.2
      vertex 161.172 -11.091 8.2
      vertex 161.582 -11.1726 8.2
    endloop
  endfacet
  facet normal 0 0 1
    outer loop
      vertex 159.737 -10.2627 8.2
      vertex 161.258 -8.74246 8.2
      vertex 161.167 -8.6392 8.2
    endloop
  endfacet
  facet normal 0 0 1
    outer loop
      vertex 159.461 -9.94804 8.2
      vertex 161.167 -8.6392 8.2
      vertex 161.091 -8.525 8.2
    endloop
  endfacet
  facet normal 0 0 1
    outer loop
      vertex 159.229 -9.6 8.2
      vertex 161.091 -8.525 8.2
      vertex 161.03 -8.40182 8.2
    endloop
  endfacet
  facet normal 0 0 1
    outer loop
      vertex 159.044 -9.22459 8.2
      vertex 161.03 -8.40182 8.2
      vertex 160.986 -8.27176 8.2
    endloop
  endfacet
  facet normal 0 0 1
    outer loop
      vertex 158.909 -8.82822 8.2
      vertex 160.986 -8.27176 8.2
      vertex 160.959 -8.13705 8.2
    endloop
  endfacet
  facet normal 0 0 1
    outer loop
      vertex 161.598 -8.97007 8.2
      vertex 160.775 -10.9564 8.2
      vertex 161.172 -11.091 8.2
    endloop
  endfacet
  facet normal 0 0 1
    outer loop
      vertex 158.827 -8.41768 8.2
      vertex 160.959 -8.13705 8.2
      vertex 160.95 -8 8.2
    endloop
  endfacet
  facet normal -0 0 1
    outer loop
      vertex 159.229 -6.4 8.2
      vertex 161.091 -7.475 8.2
      vertex 159.461 -6.05196 8.2
    endloop
  endfacet
  facet normal 0 0 1
    outer loop
      vertex 161.091 -7.475 8.2
      vertex 159.229 -6.4 8.2
      vertex 161.03 -7.59818 8.2
    endloop
  endfacet
  facet normal 0 0 1
    outer loop
      vertex 161.475 -8.90933 8.2
      vertex 160.4 -10.7713 8.2
      vertex 160.775 -10.9564 8.2
    endloop
  endfacet
  facet normal -0 0 1
    outer loop
      vertex 159.044 -6.77541 8.2
      vertex 161.03 -7.59818 8.2
      vertex 159.229 -6.4 8.2
    endloop
  endfacet
  facet normal 0 0 1
    outer loop
      vertex 161.361 -8.83302 8.2
      vertex 160.052 -10.5387 8.2
      vertex 160.4 -10.7713 8.2
    endloop
  endfacet
  facet normal 0 0 1
    outer loop
      vertex 161.03 -7.59818 8.2
      vertex 159.044 -6.77541 8.2
      vertex 160.986 -7.72824 8.2
    endloop
  endfacet
  facet normal 0 0 1
    outer loop
      vertex 161.258 -8.74246 8.2
      vertex 159.737 -10.2627 8.2
      vertex 160.052 -10.5387 8.2
    endloop
  endfacet
  facet normal -0 0 1
    outer loop
      vertex 158.909 -7.17178 8.2
      vertex 160.986 -7.72824 8.2
      vertex 159.044 -6.77541 8.2
    endloop
  endfacet
  facet normal 0 0 1
    outer loop
      vertex 161.167 -8.6392 8.2
      vertex 159.461 -9.94804 8.2
      vertex 159.737 -10.2627 8.2
    endloop
  endfacet
  facet normal 0 0 1
    outer loop
      vertex 160.986 -7.72824 8.2
      vertex 158.909 -7.17178 8.2
      vertex 160.959 -7.86295 8.2
    endloop
  endfacet
  facet normal 0 0 1
    outer loop
      vertex 161.091 -8.525 8.2
      vertex 159.229 -9.6 8.2
      vertex 159.461 -9.94804 8.2
    endloop
  endfacet
  facet normal -0 0 1
    outer loop
      vertex 158.827 -7.58232 8.2
      vertex 160.959 -7.86295 8.2
      vertex 158.909 -7.17178 8.2
    endloop
  endfacet
  facet normal 0 0 1
    outer loop
      vertex 161.03 -8.40182 8.2
      vertex 159.044 -9.22459 8.2
      vertex 159.229 -9.6 8.2
    endloop
  endfacet
  facet normal 0 0 1
    outer loop
      vertex 160.959 -7.86295 8.2
      vertex 158.827 -7.58232 8.2
      vertex 160.95 -8 8.2
    endloop
  endfacet
  facet normal 0 0 1
    outer loop
      vertex 160.986 -8.27176 8.2
      vertex 158.909 -8.82822 8.2
      vertex 159.044 -9.22459 8.2
    endloop
  endfacet
  facet normal 0 0 1
    outer loop
      vertex 158.8 -8 8.2
      vertex 160.95 -8 8.2
      vertex 158.827 -7.58232 8.2
    endloop
  endfacet
  facet normal 0 0 1
    outer loop
      vertex 160.959 -8.13705 8.2
      vertex 158.827 -8.41768 8.2
      vertex 158.909 -8.82822 8.2
    endloop
  endfacet
  facet normal 0 0 1
    outer loop
      vertex 160.95 -8 8.2
      vertex 158.8 -8 8.2
      vertex 158.827 -8.41768 8.2
    endloop
  endfacet
  facet normal 0.997917 -0.0645081 0
    outer loop
      vertex 165.173 -8.41768 8.2
      vertex 165.2 -8 2
      vertex 165.2 -8 8.2
    endloop
  endfacet
  facet normal 0.997917 -0.0645081 0
    outer loop
      vertex 165.2 -8 2
      vertex 165.173 -8.41768 8.2
      vertex 165.173 -8.41768 2
    endloop
  endfacet
  facet normal 0.442617 -0.896711 0
    outer loop
      vertex 163.225 -10.9564 2
      vertex 163.6 -10.7713 8.2
      vertex 163.225 -10.9564 8.2
    endloop
  endfacet
  facet normal 0.442617 -0.896711 0
    outer loop
      vertex 163.6 -10.7713 8.2
      vertex 163.225 -10.9564 2
      vertex 163.6 -10.7713 2
    endloop
  endfacet
  facet normal 0.75178 -0.659414 0
    outer loop
      vertex 164.263 -10.2627 8.2
      vertex 164.539 -9.94804 2
      vertex 164.539 -9.94804 8.2
    endloop
  endfacet
  facet normal 0.75178 -0.659414 0
    outer loop
      vertex 164.539 -9.94804 2
      vertex 164.263 -10.2627 8.2
      vertex 164.263 -10.2627 2
    endloop
  endfacet
  facet normal 0.946602 -0.322404 0
    outer loop
      vertex 164.956 -9.22459 8.2
      vertex 165.091 -8.82822 2
      vertex 165.091 -8.82822 8.2
    endloop
  endfacet
  facet normal 0.946602 -0.322404 0
    outer loop
      vertex 165.091 -8.82822 2
      vertex 164.956 -9.22459 8.2
      vertex 164.956 -9.22459 2
    endloop
  endfacet
  facet normal -0.442617 -0.896711 0
    outer loop
      vertex 160.4 -10.7713 2
      vertex 160.775 -10.9564 8.2
      vertex 160.4 -10.7713 8.2
    endloop
  endfacet
  facet normal -0.442617 -0.896711 -0
    outer loop
      vertex 160.775 -10.9564 8.2
      vertex 160.4 -10.7713 2
      vertex 160.775 -10.9564 2
    endloop
  endfacet
  facet normal -0.98063 -0.195868 0
    outer loop
      vertex 158.909 -8.82822 2
      vertex 158.827 -8.41768 8.2
      vertex 158.827 -8.41768 2
    endloop
  endfacet
  facet normal -0.98063 -0.195868 0
    outer loop
      vertex 158.827 -8.41768 8.2
      vertex 158.909 -8.82822 2
      vertex 158.909 -8.82822 8.2
    endloop
  endfacet
  facet normal -0.83208 -0.554656 0
    outer loop
      vertex 159.461 -9.94804 2
      vertex 159.229 -9.6 8.2
      vertex 159.229 -9.6 2
    endloop
  endfacet
  facet normal -0.83208 -0.554656 0
    outer loop
      vertex 159.229 -9.6 8.2
      vertex 159.461 -9.94804 2
      vertex 159.461 -9.94804 8.2
    endloop
  endfacet
  facet normal 0.83205 0.5547 0
    outer loop
      vertex 164.771 109.6 8.2
      vertex 164.539 109.948 2
      vertex 164.539 109.948 8.2
    endloop
  endfacet
  facet normal 0.83205 0.5547 0
    outer loop
      vertex 164.539 109.948 2
      vertex 164.771 109.6 8.2
      vertex 164.771 109.6 2
    endloop
  endfacet
  facet normal 0.321945 0.946758 -0
    outer loop
      vertex 163.225 110.956 2
      vertex 162.828 111.091 8.2
      vertex 163.225 110.956 8.2
    endloop
  endfacet
  facet normal 0.321945 0.946758 0
    outer loop
      vertex 162.828 111.091 8.2
      vertex 163.225 110.956 2
      vertex 162.828 111.091 2
    endloop
  endfacet
  facet normal -0.442424 0.896806 0
    outer loop
      vertex 160.775 110.956 2
      vertex 160.4 110.771 8.2
      vertex 160.775 110.956 8.2
    endloop
  endfacet
  facet normal -0.442424 0.896806 0
    outer loop
      vertex 160.4 110.771 8.2
      vertex 160.775 110.956 2
      vertex 160.4 110.771 2
    endloop
  endfacet
  facet normal -0.946758 0.321945 0
    outer loop
      vertex 158.909 108.828 2
      vertex 159.044 109.225 8.2
      vertex 159.044 109.225 2
    endloop
  endfacet
  facet normal -0.946758 0.321945 0
    outer loop
      vertex 159.044 109.225 8.2
      vertex 158.909 108.828 2
      vertex 158.909 108.828 8.2
    endloop
  endfacet
  facet normal 0.980581 -0.196116 0
    outer loop
      vertex 165.091 107.172 8.2
      vertex 165.173 107.582 2
      vertex 165.173 107.582 8.2
    endloop
  endfacet
  facet normal 0.980581 -0.196116 0
    outer loop
      vertex 165.173 107.582 2
      vertex 165.091 107.172 8.2
      vertex 165.091 107.172 2
    endloop
  endfacet
  facet normal -0.064459 0.99792 0
    outer loop
      vertex 162 111.2 2
      vertex 161.582 111.173 8.2
      vertex 162 111.2 8.2
    endloop
  endfacet
  facet normal -0.064459 0.99792 0
    outer loop
      vertex 161.582 111.173 8.2
      vertex 162 111.2 2
      vertex 161.582 111.173 2
    endloop
  endfacet
  facet normal 0.5547 0.83205 -0
    outer loop
      vertex 163.948 110.539 2
      vertex 163.6 110.771 8.2
      vertex 163.948 110.539 8.2
    endloop
  endfacet
  facet normal 0.5547 0.83205 0
    outer loop
      vertex 163.6 110.771 8.2
      vertex 163.948 110.539 2
      vertex 163.6 110.771 2
    endloop
  endfacet
  facet normal -0.99792 -0.064459 0
    outer loop
      vertex 158.827 107.582 2
      vertex 158.8 108 8.2
      vertex 158.8 108 2
    endloop
  endfacet
  facet normal -0.99792 -0.064459 0
    outer loop
      vertex 158.8 108 8.2
      vertex 158.827 107.582 2
      vertex 158.827 107.582 8.2
    endloop
  endfacet
  facet normal -0.83205 0.5547 0
    outer loop
      vertex 159.229 109.6 2
      vertex 159.461 109.948 8.2
      vertex 159.461 109.948 2
    endloop
  endfacet
  facet normal -0.83205 0.5547 0
    outer loop
      vertex 159.461 109.948 8.2
      vertex 159.229 109.6 2
      vertex 159.229 109.6 8.2
    endloop
  endfacet
  facet normal -0.5547 0.83205 0
    outer loop
      vertex 160.4 110.771 2
      vertex 160.052 110.539 8.2
      vertex 160.4 110.771 8.2
    endloop
  endfacet
  facet normal -0.5547 0.83205 0
    outer loop
      vertex 160.052 110.539 8.2
      vertex 160.4 110.771 2
      vertex 160.052 110.539 2
    endloop
  endfacet
  facet normal -0.196116 0.980581 0
    outer loop
      vertex 161.582 111.173 2
      vertex 161.172 111.091 8.2
      vertex 161.582 111.173 8.2
    endloop
  endfacet
  facet normal -0.196116 0.980581 0
    outer loop
      vertex 161.172 111.091 8.2
      vertex 161.582 111.173 2
      vertex 161.172 111.091 2
    endloop
  endfacet
  facet normal 0.99792 0.064459 0
    outer loop
      vertex 165.2 108 8.2
      vertex 165.173 108.418 2
      vertex 165.173 108.418 8.2
    endloop
  endfacet
  facet normal 0.99792 0.064459 0
    outer loop
      vertex 165.173 108.418 2
      vertex 165.2 108 8.2
      vertex 165.2 108 2
    endloop
  endfacet
  facet normal 0.946758 -0.321945 0
    outer loop
      vertex 164.956 106.775 8.2
      vertex 165.091 107.172 2
      vertex 165.091 107.172 8.2
    endloop
  endfacet
  facet normal 0.946758 -0.321945 0
    outer loop
      vertex 165.091 107.172 2
      vertex 164.956 106.775 8.2
      vertex 164.956 106.775 2
    endloop
  endfacet
  facet normal -0.5547 -0.83205 0
    outer loop
      vertex 160.052 105.461 2
      vertex 160.4 105.229 8.2
      vertex 160.052 105.461 8.2
    endloop
  endfacet
  facet normal -0.5547 -0.83205 -0
    outer loop
      vertex 160.4 105.229 8.2
      vertex 160.052 105.461 2
      vertex 160.4 105.229 2
    endloop
  endfacet
  facet normal -0.83205 -0.5547 0
    outer loop
      vertex 159.461 106.052 2
      vertex 159.229 106.4 8.2
      vertex 159.229 106.4 2
    endloop
  endfacet
  facet normal -0.83205 -0.5547 0
    outer loop
      vertex 159.229 106.4 8.2
      vertex 159.461 106.052 2
      vertex 159.461 106.052 8.2
    endloop
  endfacet
  facet normal 0.5547 -0.83205 0
    outer loop
      vertex 163.6 105.229 2
      vertex 163.948 105.461 8.2
      vertex 163.6 105.229 8.2
    endloop
  endfacet
  facet normal 0.5547 -0.83205 0
    outer loop
      vertex 163.948 105.461 8.2
      vertex 163.6 105.229 2
      vertex 163.948 105.461 2
    endloop
  endfacet
  facet normal 0.659012 0.752133 -0
    outer loop
      vertex 164.263 110.263 2
      vertex 163.948 110.539 8.2
      vertex 164.263 110.263 8.2
    endloop
  endfacet
  facet normal 0.659012 0.752133 0
    outer loop
      vertex 163.948 110.539 8.2
      vertex 164.263 110.263 2
      vertex 163.948 110.539 2
    endloop
  endfacet
  facet normal 0.752133 0.659012 0
    outer loop
      vertex 164.539 109.948 8.2
      vertex 164.263 110.263 2
      vertex 164.263 110.263 8.2
    endloop
  endfacet
  facet normal 0.752133 0.659012 0
    outer loop
      vertex 164.263 110.263 2
      vertex 164.539 109.948 8.2
      vertex 164.539 109.948 2
    endloop
  endfacet
  facet normal 0.196116 0.980581 -0
    outer loop
      vertex 162.828 111.091 2
      vertex 162.418 111.173 8.2
      vertex 162.828 111.091 8.2
    endloop
  endfacet
  facet normal 0.196116 0.980581 0
    outer loop
      vertex 162.418 111.173 8.2
      vertex 162.828 111.091 2
      vertex 162.418 111.173 2
    endloop
  endfacet
  facet normal 0.064459 0.99792 -0
    outer loop
      vertex 162.418 111.173 2
      vertex 162 111.2 8.2
      vertex 162.418 111.173 8.2
    endloop
  endfacet
  facet normal 0.064459 0.99792 0
    outer loop
      vertex 162 111.2 8.2
      vertex 162.418 111.173 2
      vertex 162 111.2 2
    endloop
  endfacet
  facet normal 0.442424 0.896806 -0
    outer loop
      vertex 163.6 110.771 2
      vertex 163.225 110.956 8.2
      vertex 163.6 110.771 8.2
    endloop
  endfacet
  facet normal 0.442424 0.896806 0
    outer loop
      vertex 163.225 110.956 8.2
      vertex 163.6 110.771 2
      vertex 163.225 110.956 2
    endloop
  endfacet
  facet normal -0.980581 0.196116 0
    outer loop
      vertex 158.827 108.418 2
      vertex 158.909 108.828 8.2
      vertex 158.909 108.828 2
    endloop
  endfacet
  facet normal -0.980581 0.196116 0
    outer loop
      vertex 158.909 108.828 8.2
      vertex 158.827 108.418 2
      vertex 158.827 108.418 8.2
    endloop
  endfacet
  facet normal -0.99792 0.064459 0
    outer loop
      vertex 158.8 108 2
      vertex 158.827 108.418 8.2
      vertex 158.827 108.418 2
    endloop
  endfacet
  facet normal -0.99792 0.064459 0
    outer loop
      vertex 158.827 108.418 8.2
      vertex 158.8 108 2
      vertex 158.8 108 8.2
    endloop
  endfacet
  facet normal -0.896806 0.442424 0
    outer loop
      vertex 159.044 109.225 2
      vertex 159.229 109.6 8.2
      vertex 159.229 109.6 2
    endloop
  endfacet
  facet normal -0.896806 0.442424 0
    outer loop
      vertex 159.229 109.6 8.2
      vertex 159.044 109.225 2
      vertex 159.044 109.225 8.2
    endloop
  endfacet
  facet normal -0.321945 0.946758 0
    outer loop
      vertex 161.172 111.091 2
      vertex 160.775 110.956 8.2
      vertex 161.172 111.091 8.2
    endloop
  endfacet
  facet normal -0.321945 0.946758 0
    outer loop
      vertex 160.775 110.956 8.2
      vertex 161.172 111.091 2
      vertex 160.775 110.956 2
    endloop
  endfacet
  facet normal -0.659012 0.752133 0
    outer loop
      vertex 160.052 110.539 2
      vertex 159.737 110.263 8.2
      vertex 160.052 110.539 8.2
    endloop
  endfacet
  facet normal -0.659012 0.752133 0
    outer loop
      vertex 159.737 110.263 8.2
      vertex 160.052 110.539 2
      vertex 159.737 110.263 2
    endloop
  endfacet
  facet normal -0.752133 0.659012 0
    outer loop
      vertex 159.461 109.948 2
      vertex 159.737 110.263 8.2
      vertex 159.737 110.263 2
    endloop
  endfacet
  facet normal -0.752133 0.659012 0
    outer loop
      vertex 159.737 110.263 8.2
      vertex 159.461 109.948 2
      vertex 159.461 109.948 8.2
    endloop
  endfacet
  facet normal 0.99792 -0.064459 0
    outer loop
      vertex 165.173 107.582 8.2
      vertex 165.2 108 2
      vertex 165.2 108 8.2
    endloop
  endfacet
  facet normal 0.99792 -0.064459 0
    outer loop
      vertex 165.2 108 2
      vertex 165.173 107.582 8.2
      vertex 165.173 107.582 2
    endloop
  endfacet
  facet normal 0.83205 -0.5547 0
    outer loop
      vertex 164.539 106.052 8.2
      vertex 164.771 106.4 2
      vertex 164.771 106.4 8.2
    endloop
  endfacet
  facet normal 0.83205 -0.5547 0
    outer loop
      vertex 164.771 106.4 2
      vertex 164.539 106.052 8.2
      vertex 164.539 106.052 2
    endloop
  endfacet
  facet normal -0.980581 -0.196116 0
    outer loop
      vertex 158.909 107.172 2
      vertex 158.827 107.582 8.2
      vertex 158.827 107.582 2
    endloop
  endfacet
  facet normal -0.980581 -0.196116 0
    outer loop
      vertex 158.827 107.582 8.2
      vertex 158.909 107.172 2
      vertex 158.909 107.172 8.2
    endloop
  endfacet
  facet normal -0.752133 -0.659012 0
    outer loop
      vertex 159.737 105.737 2
      vertex 159.461 106.052 8.2
      vertex 159.461 106.052 2
    endloop
  endfacet
  facet normal -0.752133 -0.659012 0
    outer loop
      vertex 159.461 106.052 8.2
      vertex 159.737 105.737 2
      vertex 159.737 105.737 8.2
    endloop
  endfacet
  facet normal 0.196116 -0.980581 0
    outer loop
      vertex 162.418 104.827 2
      vertex 162.828 104.909 8.2
      vertex 162.418 104.827 8.2
    endloop
  endfacet
  facet normal 0.196116 -0.980581 0
    outer loop
      vertex 162.828 104.909 8.2
      vertex 162.418 104.827 2
      vertex 162.828 104.909 2
    endloop
  endfacet
  facet normal 0.659012 -0.752133 0
    outer loop
      vertex 163.948 105.461 2
      vertex 164.263 105.737 8.2
      vertex 163.948 105.461 8.2
    endloop
  endfacet
  facet normal 0.659012 -0.752133 0
    outer loop
      vertex 164.263 105.737 8.2
      vertex 163.948 105.461 2
      vertex 164.263 105.737 2
    endloop
  endfacet
  facet normal 0.896806 0.442424 0
    outer loop
      vertex 164.956 109.225 8.2
      vertex 164.771 109.6 2
      vertex 164.771 109.6 8.2
    endloop
  endfacet
  facet normal 0.896806 0.442424 0
    outer loop
      vertex 164.771 109.6 2
      vertex 164.956 109.225 8.2
      vertex 164.956 109.225 2
    endloop
  endfacet
  facet normal 0.946758 0.321945 0
    outer loop
      vertex 165.091 108.828 8.2
      vertex 164.956 109.225 2
      vertex 164.956 109.225 8.2
    endloop
  endfacet
  facet normal 0.946758 0.321945 0
    outer loop
      vertex 164.956 109.225 2
      vertex 165.091 108.828 8.2
      vertex 165.091 108.828 2
    endloop
  endfacet
  facet normal 0.980581 0.196116 0
    outer loop
      vertex 165.173 108.418 8.2
      vertex 165.091 108.828 2
      vertex 165.091 108.828 8.2
    endloop
  endfacet
  facet normal 0.980581 0.196116 0
    outer loop
      vertex 165.091 108.828 2
      vertex 165.173 108.418 8.2
      vertex 165.173 108.418 2
    endloop
  endfacet
  facet normal 0 0 1
    outer loop
      vertex 163.05 108 8.2
      vertex 165.2 108 8.2
      vertex 165.173 108.418 8.2
    endloop
  endfacet
  facet normal 0 0 1
    outer loop
      vertex 163.041 108.137 8.2
      vertex 165.173 108.418 8.2
      vertex 165.091 108.828 8.2
    endloop
  endfacet
  facet normal 0 0 1
    outer loop
      vertex 165.2 108 8.2
      vertex 163.05 108 8.2
      vertex 165.173 107.582 8.2
    endloop
  endfacet
  facet normal 0 0 1
    outer loop
      vertex 163.014 108.272 8.2
      vertex 165.091 108.828 8.2
      vertex 164.956 109.225 8.2
    endloop
  endfacet
  facet normal -0 0 1
    outer loop
      vertex 163.041 107.863 8.2
      vertex 165.173 107.582 8.2
      vertex 163.05 108 8.2
    endloop
  endfacet
  facet normal 0 0 1
    outer loop
      vertex 162.97 108.402 8.2
      vertex 164.956 109.225 8.2
      vertex 164.771 109.6 8.2
    endloop
  endfacet
  facet normal 0 0 1
    outer loop
      vertex 165.173 107.582 8.2
      vertex 163.041 107.863 8.2
      vertex 165.091 107.172 8.2
    endloop
  endfacet
  facet normal 0 0 1
    outer loop
      vertex 162.909 108.525 8.2
      vertex 164.771 109.6 8.2
      vertex 164.539 109.948 8.2
    endloop
  endfacet
  facet normal -0 0 1
    outer loop
      vertex 163.014 107.728 8.2
      vertex 165.091 107.172 8.2
      vertex 163.041 107.863 8.2
    endloop
  endfacet
  facet normal 0 0 1
    outer loop
      vertex 162.833 108.639 8.2
      vertex 164.539 109.948 8.2
      vertex 164.263 110.263 8.2
    endloop
  endfacet
  facet normal 0 0 1
    outer loop
      vertex 165.091 107.172 8.2
      vertex 163.014 107.728 8.2
      vertex 164.956 106.775 8.2
    endloop
  endfacet
  facet normal 0 0 1
    outer loop
      vertex 162.742 108.742 8.2
      vertex 164.263 110.263 8.2
      vertex 163.948 110.539 8.2
    endloop
  endfacet
  facet normal -0 0 1
    outer loop
      vertex 162.97 107.598 8.2
      vertex 164.956 106.775 8.2
      vertex 163.014 107.728 8.2
    endloop
  endfacet
  facet normal 0 0 1
    outer loop
      vertex 162.639 108.833 8.2
      vertex 163.948 110.539 8.2
      vertex 163.6 110.771 8.2
    endloop
  endfacet
  facet normal 0 0 1
    outer loop
      vertex 164.956 106.775 8.2
      vertex 162.97 107.598 8.2
      vertex 164.771 106.4 8.2
    endloop
  endfacet
  facet normal 0 0 1
    outer loop
      vertex 162.525 108.909 8.2
      vertex 163.6 110.771 8.2
      vertex 163.225 110.956 8.2
    endloop
  endfacet
  facet normal -0 0 1
    outer loop
      vertex 162.909 107.475 8.2
      vertex 164.771 106.4 8.2
      vertex 162.97 107.598 8.2
    endloop
  endfacet
  facet normal 0 0 1
    outer loop
      vertex 164.771 106.4 8.2
      vertex 162.909 107.475 8.2
      vertex 164.539 106.052 8.2
    endloop
  endfacet
  facet normal 0 0 1
    outer loop
      vertex 165.173 108.418 8.2
      vertex 163.041 108.137 8.2
      vertex 163.05 108 8.2
    endloop
  endfacet
  facet normal 0 0 1
    outer loop
      vertex 165.091 108.828 8.2
      vertex 163.014 108.272 8.2
      vertex 163.041 108.137 8.2
    endloop
  endfacet
  facet normal 0 0 1
    outer loop
      vertex 164.956 109.225 8.2
      vertex 162.97 108.402 8.2
      vertex 163.014 108.272 8.2
    endloop
  endfacet
  facet normal 0 0 1
    outer loop
      vertex 164.771 109.6 8.2
      vertex 162.909 108.525 8.2
      vertex 162.97 108.402 8.2
    endloop
  endfacet
  facet normal 0 0 1
    outer loop
      vertex 164.539 109.948 8.2
      vertex 162.833 108.639 8.2
      vertex 162.909 108.525 8.2
    endloop
  endfacet
  facet normal 0 0 1
    outer loop
      vertex 162.402 108.97 8.2
      vertex 163.225 110.956 8.2
      vertex 162.828 111.091 8.2
    endloop
  endfacet
  facet normal 0 0 1
    outer loop
      vertex 164.263 110.263 8.2
      vertex 162.742 108.742 8.2
      vertex 162.833 108.639 8.2
    endloop
  endfacet
  facet normal 0 0 1
    outer loop
      vertex 163.948 110.539 8.2
      vertex 162.639 108.833 8.2
      vertex 162.742 108.742 8.2
    endloop
  endfacet
  facet normal 0 0 1
    outer loop
      vertex 163.6 110.771 8.2
      vertex 162.525 108.909 8.2
      vertex 162.639 108.833 8.2
    endloop
  endfacet
  facet normal 0 0 1
    outer loop
      vertex 162.272 109.014 8.2
      vertex 162.828 111.091 8.2
      vertex 162.418 111.173 8.2
    endloop
  endfacet
  facet normal 0 0 1
    outer loop
      vertex 163.225 110.956 8.2
      vertex 162.402 108.97 8.2
      vertex 162.525 108.909 8.2
    endloop
  endfacet
  facet normal 0 0 1
    outer loop
      vertex 162.828 111.091 8.2
      vertex 162.272 109.014 8.2
      vertex 162.402 108.97 8.2
    endloop
  endfacet
  facet normal 0 0 1
    outer loop
      vertex 162.418 111.173 8.2
      vertex 162.137 109.041 8.2
      vertex 162.272 109.014 8.2
    endloop
  endfacet
  facet normal 0 0 1
    outer loop
      vertex 162 111.2 8.2
      vertex 162.137 109.041 8.2
      vertex 162.418 111.173 8.2
    endloop
  endfacet
  facet normal 0 0 1
    outer loop
      vertex 162 111.2 8.2
      vertex 162 109.05 8.2
      vertex 162.137 109.041 8.2
    endloop
  endfacet
  facet normal 0 0 1
    outer loop
      vertex 162 111.2 8.2
      vertex 161.863 109.041 8.2
      vertex 162 109.05 8.2
    endloop
  endfacet
  facet normal -0 0 1
    outer loop
      vertex 161.582 111.173 8.2
      vertex 161.863 109.041 8.2
      vertex 162 111.2 8.2
    endloop
  endfacet
  facet normal 0 0 1
    outer loop
      vertex 161.863 109.041 8.2
      vertex 161.582 111.173 8.2
      vertex 161.728 109.014 8.2
    endloop
  endfacet
  facet normal -0 0 1
    outer loop
      vertex 161.172 111.091 8.2
      vertex 161.728 109.014 8.2
      vertex 161.582 111.173 8.2
    endloop
  endfacet
  facet normal 0 0 1
    outer loop
      vertex 161.728 109.014 8.2
      vertex 161.172 111.091 8.2
      vertex 161.598 108.97 8.2
    endloop
  endfacet
  facet normal -0 0 1
    outer loop
      vertex 160.775 110.956 8.2
      vertex 161.598 108.97 8.2
      vertex 161.172 111.091 8.2
    endloop
  endfacet
  facet normal 0 0 1
    outer loop
      vertex 161.598 108.97 8.2
      vertex 160.775 110.956 8.2
      vertex 161.475 108.909 8.2
    endloop
  endfacet
  facet normal -0 0 1
    outer loop
      vertex 160.4 110.771 8.2
      vertex 161.475 108.909 8.2
      vertex 160.775 110.956 8.2
    endloop
  endfacet
  facet normal 0 0 1
    outer loop
      vertex 161.475 108.909 8.2
      vertex 160.4 110.771 8.2
      vertex 161.361 108.833 8.2
    endloop
  endfacet
  facet normal -0 0 1
    outer loop
      vertex 160.052 110.539 8.2
      vertex 161.361 108.833 8.2
      vertex 160.4 110.771 8.2
    endloop
  endfacet
  facet normal 0 0 1
    outer loop
      vertex 161.361 108.833 8.2
      vertex 160.052 110.539 8.2
      vertex 161.258 108.742 8.2
    endloop
  endfacet
  facet normal -0 0 1
    outer loop
      vertex 159.737 110.263 8.2
      vertex 161.258 108.742 8.2
      vertex 160.052 110.539 8.2
    endloop
  endfacet
  facet normal 0 0 1
    outer loop
      vertex 161.258 108.742 8.2
      vertex 159.737 110.263 8.2
      vertex 161.167 108.639 8.2
    endloop
  endfacet
  facet normal 0 0 1
    outer loop
      vertex 161.167 108.639 8.2
      vertex 159.461 109.948 8.2
      vertex 161.091 108.525 8.2
    endloop
  endfacet
  facet normal -0 0 1
    outer loop
      vertex 159.461 109.948 8.2
      vertex 161.167 108.639 8.2
      vertex 159.737 110.263 8.2
    endloop
  endfacet
  facet normal -0 0 1
    outer loop
      vertex 162.833 107.361 8.2
      vertex 164.539 106.052 8.2
      vertex 162.909 107.475 8.2
    endloop
  endfacet
  facet normal 0 0 1
    outer loop
      vertex 164.539 106.052 8.2
      vertex 162.833 107.361 8.2
      vertex 164.263 105.737 8.2
    endloop
  endfacet
  facet normal -0 0 1
    outer loop
      vertex 162.742 107.258 8.2
      vertex 164.263 105.737 8.2
      vertex 162.833 107.361 8.2
    endloop
  endfacet
  facet normal 0 0 1
    outer loop
      vertex 164.263 105.737 8.2
      vertex 162.742 107.258 8.2
      vertex 163.948 105.461 8.2
    endloop
  endfacet
  facet normal -0 0 1
    outer loop
      vertex 162.639 107.167 8.2
      vertex 163.948 105.461 8.2
      vertex 162.742 107.258 8.2
    endloop
  endfacet
  facet normal 0 0 1
    outer loop
      vertex 163.948 105.461 8.2
      vertex 162.639 107.167 8.2
      vertex 163.6 105.229 8.2
    endloop
  endfacet
  facet normal -0 0 1
    outer loop
      vertex 162.525 107.091 8.2
      vertex 163.6 105.229 8.2
      vertex 162.639 107.167 8.2
    endloop
  endfacet
  facet normal 0 0 1
    outer loop
      vertex 163.6 105.229 8.2
      vertex 162.525 107.091 8.2
      vertex 163.225 105.044 8.2
    endloop
  endfacet
  facet normal -0 0 1
    outer loop
      vertex 162.402 107.03 8.2
      vertex 163.225 105.044 8.2
      vertex 162.525 107.091 8.2
    endloop
  endfacet
  facet normal 0 0 1
    outer loop
      vertex 163.225 105.044 8.2
      vertex 162.402 107.03 8.2
      vertex 162.828 104.909 8.2
    endloop
  endfacet
  facet normal -0 0 1
    outer loop
      vertex 162.272 106.986 8.2
      vertex 162.828 104.909 8.2
      vertex 162.402 107.03 8.2
    endloop
  endfacet
  facet normal 0 0 1
    outer loop
      vertex 162.828 104.909 8.2
      vertex 162.272 106.986 8.2
      vertex 162.418 104.827 8.2
    endloop
  endfacet
  facet normal -0 0 1
    outer loop
      vertex 162.137 106.959 8.2
      vertex 162.418 104.827 8.2
      vertex 162.272 106.986 8.2
    endloop
  endfacet
  facet normal -0 0 1
    outer loop
      vertex 162 106.95 8.2
      vertex 162.418 104.827 8.2
      vertex 162.137 106.959 8.2
    endloop
  endfacet
  facet normal 0 0 1
    outer loop
      vertex 162 106.95 8.2
      vertex 162 104.8 8.2
      vertex 162.418 104.827 8.2
    endloop
  endfacet
  facet normal 0 0 1
    outer loop
      vertex 161.863 106.959 8.2
      vertex 162 104.8 8.2
      vertex 162 106.95 8.2
    endloop
  endfacet
  facet normal 0 0 1
    outer loop
      vertex 161.582 104.827 8.2
      vertex 161.863 106.959 8.2
      vertex 161.728 106.986 8.2
    endloop
  endfacet
  facet normal 0 0 1
    outer loop
      vertex 161.172 104.909 8.2
      vertex 161.728 106.986 8.2
      vertex 161.598 107.03 8.2
    endloop
  endfacet
  facet normal 0 0 1
    outer loop
      vertex 161.863 106.959 8.2
      vertex 161.582 104.827 8.2
      vertex 162 104.8 8.2
    endloop
  endfacet
  facet normal 0 0 1
    outer loop
      vertex 160.775 105.044 8.2
      vertex 161.598 107.03 8.2
      vertex 161.475 107.091 8.2
    endloop
  endfacet
  facet normal 0 0 1
    outer loop
      vertex 160.4 105.229 8.2
      vertex 161.475 107.091 8.2
      vertex 161.361 107.167 8.2
    endloop
  endfacet
  facet normal 0 0 1
    outer loop
      vertex 160.052 105.461 8.2
      vertex 161.361 107.167 8.2
      vertex 161.258 107.258 8.2
    endloop
  endfacet
  facet normal 0 0 1
    outer loop
      vertex 161.728 106.986 8.2
      vertex 161.172 104.909 8.2
      vertex 161.582 104.827 8.2
    endloop
  endfacet
  facet normal 0 0 1
    outer loop
      vertex 159.737 105.737 8.2
      vertex 161.258 107.258 8.2
      vertex 161.167 107.361 8.2
    endloop
  endfacet
  facet normal 0 0 1
    outer loop
      vertex 159.461 106.052 8.2
      vertex 161.167 107.361 8.2
      vertex 161.091 107.475 8.2
    endloop
  endfacet
  facet normal 0 0 1
    outer loop
      vertex 159.229 106.4 8.2
      vertex 161.091 107.475 8.2
      vertex 161.03 107.598 8.2
    endloop
  endfacet
  facet normal 0 0 1
    outer loop
      vertex 159.044 106.775 8.2
      vertex 161.03 107.598 8.2
      vertex 160.986 107.728 8.2
    endloop
  endfacet
  facet normal 0 0 1
    outer loop
      vertex 158.909 107.172 8.2
      vertex 160.986 107.728 8.2
      vertex 160.959 107.863 8.2
    endloop
  endfacet
  facet normal 0 0 1
    outer loop
      vertex 161.598 107.03 8.2
      vertex 160.775 105.044 8.2
      vertex 161.172 104.909 8.2
    endloop
  endfacet
  facet normal 0 0 1
    outer loop
      vertex 158.827 107.582 8.2
      vertex 160.959 107.863 8.2
      vertex 160.95 108 8.2
    endloop
  endfacet
  facet normal -0 0 1
    outer loop
      vertex 159.229 109.6 8.2
      vertex 161.091 108.525 8.2
      vertex 159.461 109.948 8.2
    endloop
  endfacet
  facet normal 0 0 1
    outer loop
      vertex 161.091 108.525 8.2
      vertex 159.229 109.6 8.2
      vertex 161.03 108.402 8.2
    endloop
  endfacet
  facet normal 0 0 1
    outer loop
      vertex 161.475 107.091 8.2
      vertex 160.4 105.229 8.2
      vertex 160.775 105.044 8.2
    endloop
  endfacet
  facet normal -0 0 1
    outer loop
      vertex 159.044 109.225 8.2
      vertex 161.03 108.402 8.2
      vertex 159.229 109.6 8.2
    endloop
  endfacet
  facet normal 0 0 1
    outer loop
      vertex 161.361 107.167 8.2
      vertex 160.052 105.461 8.2
      vertex 160.4 105.229 8.2
    endloop
  endfacet
  facet normal 0 0 1
    outer loop
      vertex 161.03 108.402 8.2
      vertex 159.044 109.225 8.2
      vertex 160.986 108.272 8.2
    endloop
  endfacet
  facet normal 0 0 1
    outer loop
      vertex 161.258 107.258 8.2
      vertex 159.737 105.737 8.2
      vertex 160.052 105.461 8.2
    endloop
  endfacet
  facet normal -0 0 1
    outer loop
      vertex 158.909 108.828 8.2
      vertex 160.986 108.272 8.2
      vertex 159.044 109.225 8.2
    endloop
  endfacet
  facet normal 0 0 1
    outer loop
      vertex 161.167 107.361 8.2
      vertex 159.461 106.052 8.2
      vertex 159.737 105.737 8.2
    endloop
  endfacet
  facet normal 0 0 1
    outer loop
      vertex 160.986 108.272 8.2
      vertex 158.909 108.828 8.2
      vertex 160.959 108.137 8.2
    endloop
  endfacet
  facet normal 0 0 1
    outer loop
      vertex 161.091 107.475 8.2
      vertex 159.229 106.4 8.2
      vertex 159.461 106.052 8.2
    endloop
  endfacet
  facet normal -0 0 1
    outer loop
      vertex 158.827 108.418 8.2
      vertex 160.959 108.137 8.2
      vertex 158.909 108.828 8.2
    endloop
  endfacet
  facet normal 0 0 1
    outer loop
      vertex 161.03 107.598 8.2
      vertex 159.044 106.775 8.2
      vertex 159.229 106.4 8.2
    endloop
  endfacet
  facet normal 0 0 1
    outer loop
      vertex 160.959 108.137 8.2
      vertex 158.827 108.418 8.2
      vertex 160.95 108 8.2
    endloop
  endfacet
  facet normal 0 0 1
    outer loop
      vertex 160.986 107.728 8.2
      vertex 158.909 107.172 8.2
      vertex 159.044 106.775 8.2
    endloop
  endfacet
  facet normal 0 0 1
    outer loop
      vertex 158.8 108 8.2
      vertex 160.95 108 8.2
      vertex 158.827 108.418 8.2
    endloop
  endfacet
  facet normal 0 0 1
    outer loop
      vertex 160.959 107.863 8.2
      vertex 158.827 107.582 8.2
      vertex 158.909 107.172 8.2
    endloop
  endfacet
  facet normal 0 0 1
    outer loop
      vertex 160.95 108 8.2
      vertex 158.8 108 8.2
      vertex 158.827 107.582 8.2
    endloop
  endfacet
  facet normal 0.896806 -0.442424 0
    outer loop
      vertex 164.771 106.4 8.2
      vertex 164.956 106.775 2
      vertex 164.956 106.775 8.2
    endloop
  endfacet
  facet normal 0.896806 -0.442424 0
    outer loop
      vertex 164.956 106.775 2
      vertex 164.771 106.4 8.2
      vertex 164.771 106.4 2
    endloop
  endfacet
  facet normal 0.064459 -0.99792 0
    outer loop
      vertex 162 104.8 2
      vertex 162.418 104.827 8.2
      vertex 162 104.8 8.2
    endloop
  endfacet
  facet normal 0.064459 -0.99792 0
    outer loop
      vertex 162.418 104.827 8.2
      vertex 162 104.8 2
      vertex 162.418 104.827 2
    endloop
  endfacet
  facet normal -0.896806 -0.442424 0
    outer loop
      vertex 159.229 106.4 2
      vertex 159.044 106.775 8.2
      vertex 159.044 106.775 2
    endloop
  endfacet
  facet normal -0.896806 -0.442424 0
    outer loop
      vertex 159.044 106.775 8.2
      vertex 159.229 106.4 2
      vertex 159.229 106.4 8.2
    endloop
  endfacet
  facet normal -0.946758 -0.321945 0
    outer loop
      vertex 159.044 106.775 2
      vertex 158.909 107.172 8.2
      vertex 158.909 107.172 2
    endloop
  endfacet
  facet normal -0.946758 -0.321945 0
    outer loop
      vertex 158.909 107.172 8.2
      vertex 159.044 106.775 2
      vertex 159.044 106.775 8.2
    endloop
  endfacet
  facet normal -0.659012 -0.752133 0
    outer loop
      vertex 159.737 105.737 2
      vertex 160.052 105.461 8.2
      vertex 159.737 105.737 8.2
    endloop
  endfacet
  facet normal -0.659012 -0.752133 -0
    outer loop
      vertex 160.052 105.461 8.2
      vertex 159.737 105.737 2
      vertex 160.052 105.461 2
    endloop
  endfacet
  facet normal 0.442424 -0.896806 0
    outer loop
      vertex 163.225 105.044 2
      vertex 163.6 105.229 8.2
      vertex 163.225 105.044 8.2
    endloop
  endfacet
  facet normal 0.442424 -0.896806 0
    outer loop
      vertex 163.6 105.229 8.2
      vertex 163.225 105.044 2
      vertex 163.6 105.229 2
    endloop
  endfacet
  facet normal 0.321945 -0.946758 0
    outer loop
      vertex 162.828 104.909 2
      vertex 163.225 105.044 8.2
      vertex 162.828 104.909 8.2
    endloop
  endfacet
  facet normal 0.321945 -0.946758 0
    outer loop
      vertex 163.225 105.044 8.2
      vertex 162.828 104.909 2
      vertex 163.225 105.044 2
    endloop
  endfacet
  facet normal -0.196116 -0.980581 0
    outer loop
      vertex 161.172 104.909 2
      vertex 161.582 104.827 8.2
      vertex 161.172 104.909 8.2
    endloop
  endfacet
  facet normal -0.196116 -0.980581 -0
    outer loop
      vertex 161.582 104.827 8.2
      vertex 161.172 104.909 2
      vertex 161.582 104.827 2
    endloop
  endfacet
  facet normal -0.442424 -0.896806 0
    outer loop
      vertex 160.4 105.229 2
      vertex 160.775 105.044 8.2
      vertex 160.4 105.229 8.2
    endloop
  endfacet
  facet normal -0.442424 -0.896806 -0
    outer loop
      vertex 160.775 105.044 8.2
      vertex 160.4 105.229 2
      vertex 160.775 105.044 2
    endloop
  endfacet
  facet normal 0.752133 -0.659012 0
    outer loop
      vertex 164.263 105.737 8.2
      vertex 164.539 106.052 2
      vertex 164.539 106.052 8.2
    endloop
  endfacet
  facet normal 0.752133 -0.659012 0
    outer loop
      vertex 164.539 106.052 2
      vertex 164.263 105.737 8.2
      vertex 164.263 105.737 2
    endloop
  endfacet
  facet normal -0.064459 -0.99792 0
    outer loop
      vertex 161.582 104.827 2
      vertex 162 104.8 8.2
      vertex 161.582 104.827 8.2
    endloop
  endfacet
  facet normal -0.064459 -0.99792 -0
    outer loop
      vertex 162 104.8 8.2
      vertex 161.582 104.827 2
      vertex 162 104.8 2
    endloop
  endfacet
  facet normal -0.321945 -0.946758 0
    outer loop
      vertex 160.775 105.044 2
      vertex 161.172 104.909 8.2
      vertex 160.775 105.044 8.2
    endloop
  endfacet
  facet normal -0.321945 -0.946758 -0
    outer loop
      vertex 161.172 104.909 8.2
      vertex 160.775 105.044 2
      vertex 161.172 104.909 2
    endloop
  endfacet
  facet normal 0.555565 0.831473 -0
    outer loop
      vertex 6.94804 -5.46127 2
      vertex 6.6 -5.22872 8.2
      vertex 6.94804 -5.46127 8.2
    endloop
  endfacet
  facet normal 0.555565 0.831473 0
    outer loop
      vertex 6.6 -5.22872 8.2
      vertex 6.94804 -5.46127 2
      vertex 6.6 -5.22872 2
    endloop
  endfacet
  facet normal -0.321548 -0.946893 0
    outer loop
      vertex 3.77541 -10.9564 2
      vertex 4.17178 -11.091 8.2
      vertex 3.77541 -10.9564 8.2
    endloop
  endfacet
  facet normal -0.321548 -0.946893 -0
    outer loop
      vertex 4.17178 -11.091 8.2
      vertex 3.77541 -10.9564 2
      vertex 4.17178 -11.091 2
    endloop
  endfacet
  facet normal -0.321419 0.946937 0
    outer loop
      vertex 4.17178 -4.90904 2
      vertex 3.77541 -5.04358 8.2
      vertex 4.17178 -4.90904 8.2
    endloop
  endfacet
  facet normal -0.321419 0.946937 0
    outer loop
      vertex 3.77541 -5.04358 8.2
      vertex 4.17178 -4.90904 2
      vertex 3.77541 -5.04358 2
    endloop
  endfacet
  facet normal -0.896865 0.442305 0
    outer loop
      vertex 2.04358 -6.77541 2
      vertex 2.22872 -6.4 8.2
      vertex 2.22872 -6.4 2
    endloop
  endfacet
  facet normal -0.896865 0.442305 0
    outer loop
      vertex 2.22872 -6.4 8.2
      vertex 2.04358 -6.77541 2
      vertex 2.04358 -6.77541 8.2
    endloop
  endfacet
  facet normal 0.896874 0.442285 0
    outer loop
      vertex 7.95641 -6.77541 8.2
      vertex 7.77128 -6.4 2
      vertex 7.77128 -6.4 8.2
    endloop
  endfacet
  facet normal 0.896874 0.442285 0
    outer loop
      vertex 7.77128 -6.4 2
      vertex 7.95641 -6.77541 8.2
      vertex 7.95641 -6.77541 2
    endloop
  endfacet
  facet normal 0.980786 0.195087 0
    outer loop
      vertex 8.17262 -7.58232 8.2
      vertex 8.09096 -7.17178 2
      vertex 8.09096 -7.17178 8.2
    endloop
  endfacet
  facet normal 0.980786 0.195087 0
    outer loop
      vertex 8.09096 -7.17178 2
      vertex 8.17262 -7.58232 8.2
      vertex 8.17262 -7.58232 2
    endloop
  endfacet
  facet normal 0.831473 0.555565 0
    outer loop
      vertex 7.77128 -6.4 8.2
      vertex 7.53873 -6.05196 2
      vertex 7.53873 -6.05196 8.2
    endloop
  endfacet
  facet normal 0.831473 0.555565 0
    outer loop
      vertex 7.53873 -6.05196 2
      vertex 7.77128 -6.4 8.2
      vertex 7.77128 -6.4 2
    endloop
  endfacet
  facet normal 0.321419 0.946937 -0
    outer loop
      vertex 6.22459 -5.04358 2
      vertex 5.82822 -4.90904 8.2
      vertex 6.22459 -5.04358 8.2
    endloop
  endfacet
  facet normal 0.321419 0.946937 0
    outer loop
      vertex 5.82822 -4.90904 8.2
      vertex 6.22459 -5.04358 2
      vertex 5.82822 -4.90904 2
    endloop
  endfacet
  facet normal 0.0654122 0.997858 -0
    outer loop
      vertex 5.41768 -4.82738 2
      vertex 5 -4.8 8.2
      vertex 5.41768 -4.82738 8.2
    endloop
  endfacet
  facet normal 0.0654122 0.997858 0
    outer loop
      vertex 5 -4.8 8.2
      vertex 5.41768 -4.82738 2
      vertex 5 -4.8 2
    endloop
  endfacet
  facet normal 0.195087 0.980786 -0
    outer loop
      vertex 5.82822 -4.90904 2
      vertex 5.41768 -4.82738 8.2
      vertex 5.82822 -4.90904 8.2
    endloop
  endfacet
  facet normal 0.195087 0.980786 0
    outer loop
      vertex 5.41768 -4.82738 8.2
      vertex 5.82822 -4.90904 2
      vertex 5.41768 -4.82738 2
    endloop
  endfacet
  facet normal -0.980786 0.195087 0
    outer loop
      vertex 1.82738 -7.58232 2
      vertex 1.90904 -7.17178 8.2
      vertex 1.90904 -7.17178 2
    endloop
  endfacet
  facet normal -0.980786 0.195087 0
    outer loop
      vertex 1.90904 -7.17178 8.2
      vertex 1.82738 -7.58232 2
      vertex 1.82738 -7.58232 8.2
    endloop
  endfacet
  facet normal -0.751833 0.659353 0
    outer loop
      vertex 2.46127 -6.05196 2
      vertex 2.73726 -5.73726 8.2
      vertex 2.73726 -5.73726 2
    endloop
  endfacet
  facet normal -0.751833 0.659353 0
    outer loop
      vertex 2.73726 -5.73726 8.2
      vertex 2.46127 -6.05196 2
      vertex 2.46127 -6.05196 8.2
    endloop
  endfacet
  facet normal -0.195087 0.980786 0
    outer loop
      vertex 4.58232 -4.82738 2
      vertex 4.17178 -4.90904 8.2
      vertex 4.58232 -4.82738 8.2
    endloop
  endfacet
  facet normal -0.195087 0.980786 0
    outer loop
      vertex 4.17178 -4.90904 8.2
      vertex 4.58232 -4.82738 2
      vertex 4.17178 -4.90904 2
    endloop
  endfacet
  facet normal -0.659353 0.751833 0
    outer loop
      vertex 3.05196 -5.46127 2
      vertex 2.73726 -5.73726 8.2
      vertex 3.05196 -5.46127 8.2
    endloop
  endfacet
  facet normal -0.659353 0.751833 0
    outer loop
      vertex 2.73726 -5.73726 8.2
      vertex 3.05196 -5.46127 2
      vertex 2.73726 -5.73726 2
    endloop
  endfacet
  facet normal 0.997858 0.0654122 0
    outer loop
      vertex 8.2 -8 8.2
      vertex 8.17262 -7.58232 2
      vertex 8.17262 -7.58232 8.2
    endloop
  endfacet
  facet normal 0.997858 0.0654122 0
    outer loop
      vertex 8.17262 -7.58232 2
      vertex 8.2 -8 8.2
      vertex 8.2 -8 2
    endloop
  endfacet
  facet normal 0.555648 -0.831418 0
    outer loop
      vertex 6.6 -10.7713 2
      vertex 6.94804 -10.5387 8.2
      vertex 6.6 -10.7713 8.2
    endloop
  endfacet
  facet normal 0.555648 -0.831418 0
    outer loop
      vertex 6.94804 -10.5387 8.2
      vertex 6.6 -10.7713 2
      vertex 6.94804 -10.5387 2
    endloop
  endfacet
  facet normal 0.831473 -0.555565 0
    outer loop
      vertex 7.53873 -9.94804 8.2
      vertex 7.77128 -9.6 2
      vertex 7.77128 -9.6 8.2
    endloop
  endfacet
  facet normal 0.831473 -0.555565 0
    outer loop
      vertex 7.77128 -9.6 2
      vertex 7.53873 -9.94804 8.2
      vertex 7.53873 -9.94804 2
    endloop
  endfacet
  facet normal -0.194949 -0.980813 0
    outer loop
      vertex 4.17178 -11.091 2
      vertex 4.58232 -11.1726 8.2
      vertex 4.17178 -11.091 8.2
    endloop
  endfacet
  facet normal -0.194949 -0.980813 -0
    outer loop
      vertex 4.58232 -11.1726 8.2
      vertex 4.17178 -11.091 2
      vertex 4.58232 -11.1726 2
    endloop
  endfacet
  facet normal -0.659367 -0.751821 0
    outer loop
      vertex 2.73726 -10.2627 2
      vertex 3.05196 -10.5387 8.2
      vertex 2.73726 -10.2627 8.2
    endloop
  endfacet
  facet normal -0.659367 -0.751821 -0
    outer loop
      vertex 3.05196 -10.5387 8.2
      vertex 2.73726 -10.2627 2
      vertex 3.05196 -10.5387 2
    endloop
  endfacet
  facet normal -0.751792 -0.659401 0
    outer loop
      vertex 2.73726 -10.2627 2
      vertex 2.46127 -9.94804 8.2
      vertex 2.46127 -9.94804 2
    endloop
  endfacet
  facet normal -0.751792 -0.659401 0
    outer loop
      vertex 2.46127 -9.94804 8.2
      vertex 2.73726 -10.2627 2
      vertex 2.73726 -10.2627 8.2
    endloop
  endfacet
  facet normal 0.94693 0.321441 0
    outer loop
      vertex 8.09096 -7.17178 8.2
      vertex 7.95641 -6.77541 2
      vertex 7.95641 -6.77541 8.2
    endloop
  endfacet
  facet normal 0.94693 0.321441 0
    outer loop
      vertex 7.95641 -6.77541 2
      vertex 8.09096 -7.17178 8.2
      vertex 8.09096 -7.17178 2
    endloop
  endfacet
  facet normal 0.751833 0.659353 0
    outer loop
      vertex 7.53873 -6.05196 8.2
      vertex 7.26274 -5.73726 2
      vertex 7.26274 -5.73726 8.2
    endloop
  endfacet
  facet normal 0.751833 0.659353 0
    outer loop
      vertex 7.26274 -5.73726 2
      vertex 7.53873 -6.05196 8.2
      vertex 7.53873 -6.05196 2
    endloop
  endfacet
  facet normal 0.659353 0.751833 -0
    outer loop
      vertex 7.26274 -5.73726 2
      vertex 6.94804 -5.46127 8.2
      vertex 7.26274 -5.73726 8.2
    endloop
  endfacet
  facet normal 0.659353 0.751833 0
    outer loop
      vertex 6.94804 -5.46127 8.2
      vertex 7.26274 -5.73726 2
      vertex 6.94804 -5.46127 2
    endloop
  endfacet
  facet normal 0.442305 0.896865 -0
    outer loop
      vertex 6.6 -5.22872 2
      vertex 6.22459 -5.04358 8.2
      vertex 6.6 -5.22872 8.2
    endloop
  endfacet
  facet normal 0.442305 0.896865 0
    outer loop
      vertex 6.22459 -5.04358 8.2
      vertex 6.6 -5.22872 2
      vertex 6.22459 -5.04358 2
    endloop
  endfacet
  facet normal -0.997858 0.0654122 0
    outer loop
      vertex 1.8 -8 2
      vertex 1.82738 -7.58232 8.2
      vertex 1.82738 -7.58232 2
    endloop
  endfacet
  facet normal -0.997858 0.0654122 0
    outer loop
      vertex 1.82738 -7.58232 8.2
      vertex 1.8 -8 2
      vertex 1.8 -8 8.2
    endloop
  endfacet
  facet normal 0 0 1
    outer loop
      vertex 6.05 -8 8.2
      vertex 8.2 -8 8.2
      vertex 8.17262 -7.58232 8.2
    endloop
  endfacet
  facet normal 0 0 1
    outer loop
      vertex 6.04102 -7.86295 8.2
      vertex 8.17262 -7.58232 8.2
      vertex 8.09096 -7.17178 8.2
    endloop
  endfacet
  facet normal 0 0 1
    outer loop
      vertex 8.2 -8 8.2
      vertex 6.05 -8 8.2
      vertex 8.17262 -8.41768 8.2
    endloop
  endfacet
  facet normal 0 0 1
    outer loop
      vertex 6.01422 -7.72824 8.2
      vertex 8.09096 -7.17178 8.2
      vertex 7.95641 -6.77541 8.2
    endloop
  endfacet
  facet normal -0 0 1
    outer loop
      vertex 6.04102 -8.13705 8.2
      vertex 8.17262 -8.41768 8.2
      vertex 6.05 -8 8.2
    endloop
  endfacet
  facet normal 0 0 1
    outer loop
      vertex 5.97007 -7.59818 8.2
      vertex 7.95641 -6.77541 8.2
      vertex 7.77128 -6.4 8.2
    endloop
  endfacet
  facet normal 0 0 1
    outer loop
      vertex 8.17262 -8.41768 8.2
      vertex 6.04102 -8.13705 8.2
      vertex 8.09096 -8.82822 8.2
    endloop
  endfacet
  facet normal 0 0 1
    outer loop
      vertex 5.90933 -7.475 8.2
      vertex 7.77128 -6.4 8.2
      vertex 7.53873 -6.05196 8.2
    endloop
  endfacet
  facet normal -0 0 1
    outer loop
      vertex 6.01422 -8.27176 8.2
      vertex 8.09096 -8.82822 8.2
      vertex 6.04102 -8.13705 8.2
    endloop
  endfacet
  facet normal 0 0 1
    outer loop
      vertex 5.83302 -7.3608 8.2
      vertex 7.53873 -6.05196 8.2
      vertex 7.26274 -5.73726 8.2
    endloop
  endfacet
  facet normal 0 0 1
    outer loop
      vertex 8.09096 -8.82822 8.2
      vertex 6.01422 -8.27176 8.2
      vertex 7.95641 -9.22459 8.2
    endloop
  endfacet
  facet normal 0 0 1
    outer loop
      vertex 5.74246 -7.25754 8.2
      vertex 7.26274 -5.73726 8.2
      vertex 6.94804 -5.46127 8.2
    endloop
  endfacet
  facet normal -0 0 1
    outer loop
      vertex 5.97007 -8.40182 8.2
      vertex 7.95641 -9.22459 8.2
      vertex 6.01422 -8.27176 8.2
    endloop
  endfacet
  facet normal 0 0 1
    outer loop
      vertex 5.6392 -7.16698 8.2
      vertex 6.94804 -5.46127 8.2
      vertex 6.6 -5.22872 8.2
    endloop
  endfacet
  facet normal 0 0 1
    outer loop
      vertex 7.95641 -9.22459 8.2
      vertex 5.97007 -8.40182 8.2
      vertex 7.77128 -9.6 8.2
    endloop
  endfacet
  facet normal 0 0 1
    outer loop
      vertex 5.525 -7.09067 8.2
      vertex 6.6 -5.22872 8.2
      vertex 6.22459 -5.04358 8.2
    endloop
  endfacet
  facet normal -0 0 1
    outer loop
      vertex 5.90933 -8.525 8.2
      vertex 7.77128 -9.6 8.2
      vertex 5.97007 -8.40182 8.2
    endloop
  endfacet
  facet normal 0 0 1
    outer loop
      vertex 7.77128 -9.6 8.2
      vertex 5.90933 -8.525 8.2
      vertex 7.53873 -9.94804 8.2
    endloop
  endfacet
  facet normal 0 0 1
    outer loop
      vertex 8.17262 -7.58232 8.2
      vertex 6.04102 -7.86295 8.2
      vertex 6.05 -8 8.2
    endloop
  endfacet
  facet normal 0 0 1
    outer loop
      vertex 8.09096 -7.17178 8.2
      vertex 6.01422 -7.72824 8.2
      vertex 6.04102 -7.86295 8.2
    endloop
  endfacet
  facet normal 0 0 1
    outer loop
      vertex 7.95641 -6.77541 8.2
      vertex 5.97007 -7.59818 8.2
      vertex 6.01422 -7.72824 8.2
    endloop
  endfacet
  facet normal 0 0 1
    outer loop
      vertex 7.77128 -6.4 8.2
      vertex 5.90933 -7.475 8.2
      vertex 5.97007 -7.59818 8.2
    endloop
  endfacet
  facet normal 0 0 1
    outer loop
      vertex 7.53873 -6.05196 8.2
      vertex 5.83302 -7.3608 8.2
      vertex 5.90933 -7.475 8.2
    endloop
  endfacet
  facet normal 0 0 1
    outer loop
      vertex 5.40182 -7.02993 8.2
      vertex 6.22459 -5.04358 8.2
      vertex 5.82822 -4.90904 8.2
    endloop
  endfacet
  facet normal 0 0 1
    outer loop
      vertex 7.26274 -5.73726 8.2
      vertex 5.74246 -7.25754 8.2
      vertex 5.83302 -7.3608 8.2
    endloop
  endfacet
  facet normal 0 0 1
    outer loop
      vertex 6.94804 -5.46127 8.2
      vertex 5.6392 -7.16698 8.2
      vertex 5.74246 -7.25754 8.2
    endloop
  endfacet
  facet normal 0 0 1
    outer loop
      vertex 6.6 -5.22872 8.2
      vertex 5.525 -7.09067 8.2
      vertex 5.6392 -7.16698 8.2
    endloop
  endfacet
  facet normal 0 0 1
    outer loop
      vertex 5.27176 -6.98578 8.2
      vertex 5.82822 -4.90904 8.2
      vertex 5.41768 -4.82738 8.2
    endloop
  endfacet
  facet normal 0 0 1
    outer loop
      vertex 6.22459 -5.04358 8.2
      vertex 5.40182 -7.02993 8.2
      vertex 5.525 -7.09067 8.2
    endloop
  endfacet
  facet normal 0 0 1
    outer loop
      vertex 5.82822 -4.90904 8.2
      vertex 5.27176 -6.98578 8.2
      vertex 5.40182 -7.02993 8.2
    endloop
  endfacet
  facet normal 0 0 1
    outer loop
      vertex 5.41768 -4.82738 8.2
      vertex 5.13705 -6.95898 8.2
      vertex 5.27176 -6.98578 8.2
    endloop
  endfacet
  facet normal 0 0 1
    outer loop
      vertex 5 -4.8 8.2
      vertex 5.13705 -6.95898 8.2
      vertex 5.41768 -4.82738 8.2
    endloop
  endfacet
  facet normal 0 0 1
    outer loop
      vertex 5 -4.8 8.2
      vertex 5 -6.95 8.2
      vertex 5.13705 -6.95898 8.2
    endloop
  endfacet
  facet normal 0 0 1
    outer loop
      vertex 5 -4.8 8.2
      vertex 4.86295 -6.95898 8.2
      vertex 5 -6.95 8.2
    endloop
  endfacet
  facet normal -0 0 1
    outer loop
      vertex 4.58232 -4.82738 8.2
      vertex 4.86295 -6.95898 8.2
      vertex 5 -4.8 8.2
    endloop
  endfacet
  facet normal 0 0 1
    outer loop
      vertex 4.86295 -6.95898 8.2
      vertex 4.58232 -4.82738 8.2
      vertex 4.72824 -6.98578 8.2
    endloop
  endfacet
  facet normal -0 0 1
    outer loop
      vertex 4.17178 -4.90904 8.2
      vertex 4.72824 -6.98578 8.2
      vertex 4.58232 -4.82738 8.2
    endloop
  endfacet
  facet normal 0 0 1
    outer loop
      vertex 4.72824 -6.98578 8.2
      vertex 4.17178 -4.90904 8.2
      vertex 4.59818 -7.02993 8.2
    endloop
  endfacet
  facet normal -0 0 1
    outer loop
      vertex 3.77541 -5.04358 8.2
      vertex 4.59818 -7.02993 8.2
      vertex 4.17178 -4.90904 8.2
    endloop
  endfacet
  facet normal 0 0 1
    outer loop
      vertex 4.59818 -7.02993 8.2
      vertex 3.77541 -5.04358 8.2
      vertex 4.475 -7.09067 8.2
    endloop
  endfacet
  facet normal -0 0 1
    outer loop
      vertex 3.4 -5.22872 8.2
      vertex 4.475 -7.09067 8.2
      vertex 3.77541 -5.04358 8.2
    endloop
  endfacet
  facet normal 0 0 1
    outer loop
      vertex 4.475 -7.09067 8.2
      vertex 3.4 -5.22872 8.2
      vertex 4.3608 -7.16698 8.2
    endloop
  endfacet
  facet normal -0 0 1
    outer loop
      vertex 3.05196 -5.46127 8.2
      vertex 4.3608 -7.16698 8.2
      vertex 3.4 -5.22872 8.2
    endloop
  endfacet
  facet normal 0 0 1
    outer loop
      vertex 4.3608 -7.16698 8.2
      vertex 3.05196 -5.46127 8.2
      vertex 4.25754 -7.25754 8.2
    endloop
  endfacet
  facet normal -0 0 1
    outer loop
      vertex 2.73726 -5.73726 8.2
      vertex 4.25754 -7.25754 8.2
      vertex 3.05196 -5.46127 8.2
    endloop
  endfacet
  facet normal 0 0 1
    outer loop
      vertex 4.25754 -7.25754 8.2
      vertex 2.73726 -5.73726 8.2
      vertex 4.16698 -7.3608 8.2
    endloop
  endfacet
  facet normal 0 0 1
    outer loop
      vertex 4.16698 -7.3608 8.2
      vertex 2.46127 -6.05196 8.2
      vertex 4.09067 -7.475 8.2
    endloop
  endfacet
  facet normal -0 0 1
    outer loop
      vertex 2.46127 -6.05196 8.2
      vertex 4.16698 -7.3608 8.2
      vertex 2.73726 -5.73726 8.2
    endloop
  endfacet
  facet normal -0 0 1
    outer loop
      vertex 5.83302 -8.6392 8.2
      vertex 7.53873 -9.94804 8.2
      vertex 5.90933 -8.525 8.2
    endloop
  endfacet
  facet normal 0 0 1
    outer loop
      vertex 7.53873 -9.94804 8.2
      vertex 5.83302 -8.6392 8.2
      vertex 7.26274 -10.2627 8.2
    endloop
  endfacet
  facet normal -0 0 1
    outer loop
      vertex 5.74246 -8.74246 8.2
      vertex 7.26274 -10.2627 8.2
      vertex 5.83302 -8.6392 8.2
    endloop
  endfacet
  facet normal 0 0 1
    outer loop
      vertex 7.26274 -10.2627 8.2
      vertex 5.74246 -8.74246 8.2
      vertex 6.94804 -10.5387 8.2
    endloop
  endfacet
  facet normal -0 0 1
    outer loop
      vertex 5.6392 -8.83302 8.2
      vertex 6.94804 -10.5387 8.2
      vertex 5.74246 -8.74246 8.2
    endloop
  endfacet
  facet normal 0 0 1
    outer loop
      vertex 6.94804 -10.5387 8.2
      vertex 5.6392 -8.83302 8.2
      vertex 6.6 -10.7713 8.2
    endloop
  endfacet
  facet normal -0 0 1
    outer loop
      vertex 5.525 -8.90933 8.2
      vertex 6.6 -10.7713 8.2
      vertex 5.6392 -8.83302 8.2
    endloop
  endfacet
  facet normal 0 0 1
    outer loop
      vertex 6.6 -10.7713 8.2
      vertex 5.525 -8.90933 8.2
      vertex 6.22459 -10.9564 8.2
    endloop
  endfacet
  facet normal -0 0 1
    outer loop
      vertex 5.40182 -8.97007 8.2
      vertex 6.22459 -10.9564 8.2
      vertex 5.525 -8.90933 8.2
    endloop
  endfacet
  facet normal 0 0 1
    outer loop
      vertex 6.22459 -10.9564 8.2
      vertex 5.40182 -8.97007 8.2
      vertex 5.82822 -11.091 8.2
    endloop
  endfacet
  facet normal -0 0 1
    outer loop
      vertex 5.27176 -9.01422 8.2
      vertex 5.82822 -11.091 8.2
      vertex 5.40182 -8.97007 8.2
    endloop
  endfacet
  facet normal 0 0 1
    outer loop
      vertex 5.82822 -11.091 8.2
      vertex 5.27176 -9.01422 8.2
      vertex 5.41768 -11.1726 8.2
    endloop
  endfacet
  facet normal -0 0 1
    outer loop
      vertex 5.13705 -9.04102 8.2
      vertex 5.41768 -11.1726 8.2
      vertex 5.27176 -9.01422 8.2
    endloop
  endfacet
  facet normal -0 0 1
    outer loop
      vertex 5 -9.05 8.2
      vertex 5.41768 -11.1726 8.2
      vertex 5.13705 -9.04102 8.2
    endloop
  endfacet
  facet normal 0 0 1
    outer loop
      vertex 5 -9.05 8.2
      vertex 5 -11.2 8.2
      vertex 5.41768 -11.1726 8.2
    endloop
  endfacet
  facet normal 0 0 1
    outer loop
      vertex 4.86295 -9.04102 8.2
      vertex 5 -11.2 8.2
      vertex 5 -9.05 8.2
    endloop
  endfacet
  facet normal 0 0 1
    outer loop
      vertex 4.58232 -11.1726 8.2
      vertex 4.86295 -9.04102 8.2
      vertex 4.72824 -9.01422 8.2
    endloop
  endfacet
  facet normal 0 0 1
    outer loop
      vertex 4.17178 -11.091 8.2
      vertex 4.72824 -9.01422 8.2
      vertex 4.59818 -8.97007 8.2
    endloop
  endfacet
  facet normal 0 0 1
    outer loop
      vertex 4.86295 -9.04102 8.2
      vertex 4.58232 -11.1726 8.2
      vertex 5 -11.2 8.2
    endloop
  endfacet
  facet normal 0 0 1
    outer loop
      vertex 3.77541 -10.9564 8.2
      vertex 4.59818 -8.97007 8.2
      vertex 4.475 -8.90933 8.2
    endloop
  endfacet
  facet normal 0 0 1
    outer loop
      vertex 3.4 -10.7713 8.2
      vertex 4.475 -8.90933 8.2
      vertex 4.3608 -8.83302 8.2
    endloop
  endfacet
  facet normal 0 0 1
    outer loop
      vertex 3.05196 -10.5387 8.2
      vertex 4.3608 -8.83302 8.2
      vertex 4.25754 -8.74246 8.2
    endloop
  endfacet
  facet normal 0 0 1
    outer loop
      vertex 4.72824 -9.01422 8.2
      vertex 4.17178 -11.091 8.2
      vertex 4.58232 -11.1726 8.2
    endloop
  endfacet
  facet normal 0 0 1
    outer loop
      vertex 2.73726 -10.2627 8.2
      vertex 4.25754 -8.74246 8.2
      vertex 4.16698 -8.6392 8.2
    endloop
  endfacet
  facet normal 0 0 1
    outer loop
      vertex 2.46127 -9.94804 8.2
      vertex 4.16698 -8.6392 8.2
      vertex 4.09067 -8.525 8.2
    endloop
  endfacet
  facet normal 0 0 1
    outer loop
      vertex 2.22872 -9.6 8.2
      vertex 4.09067 -8.525 8.2
      vertex 4.02993 -8.40182 8.2
    endloop
  endfacet
  facet normal 0 0 1
    outer loop
      vertex 2.04358 -9.22459 8.2
      vertex 4.02993 -8.40182 8.2
      vertex 3.98578 -8.27176 8.2
    endloop
  endfacet
  facet normal 0 0 1
    outer loop
      vertex 1.90904 -8.82822 8.2
      vertex 3.98578 -8.27176 8.2
      vertex 3.95898 -8.13705 8.2
    endloop
  endfacet
  facet normal 0 0 1
    outer loop
      vertex 4.59818 -8.97007 8.2
      vertex 3.77541 -10.9564 8.2
      vertex 4.17178 -11.091 8.2
    endloop
  endfacet
  facet normal 0 0 1
    outer loop
      vertex 1.82738 -8.41768 8.2
      vertex 3.95898 -8.13705 8.2
      vertex 3.95 -8 8.2
    endloop
  endfacet
  facet normal -0 0 1
    outer loop
      vertex 2.22872 -6.4 8.2
      vertex 4.09067 -7.475 8.2
      vertex 2.46127 -6.05196 8.2
    endloop
  endfacet
  facet normal 0 0 1
    outer loop
      vertex 4.09067 -7.475 8.2
      vertex 2.22872 -6.4 8.2
      vertex 4.02993 -7.59818 8.2
    endloop
  endfacet
  facet normal 0 0 1
    outer loop
      vertex 4.475 -8.90933 8.2
      vertex 3.4 -10.7713 8.2
      vertex 3.77541 -10.9564 8.2
    endloop
  endfacet
  facet normal -0 0 1
    outer loop
      vertex 2.04358 -6.77541 8.2
      vertex 4.02993 -7.59818 8.2
      vertex 2.22872 -6.4 8.2
    endloop
  endfacet
  facet normal 0 0 1
    outer loop
      vertex 4.3608 -8.83302 8.2
      vertex 3.05196 -10.5387 8.2
      vertex 3.4 -10.7713 8.2
    endloop
  endfacet
  facet normal 0 0 1
    outer loop
      vertex 4.02993 -7.59818 8.2
      vertex 2.04358 -6.77541 8.2
      vertex 3.98578 -7.72824 8.2
    endloop
  endfacet
  facet normal 0 0 1
    outer loop
      vertex 4.25754 -8.74246 8.2
      vertex 2.73726 -10.2627 8.2
      vertex 3.05196 -10.5387 8.2
    endloop
  endfacet
  facet normal -0 0 1
    outer loop
      vertex 1.90904 -7.17178 8.2
      vertex 3.98578 -7.72824 8.2
      vertex 2.04358 -6.77541 8.2
    endloop
  endfacet
  facet normal 0 0 1
    outer loop
      vertex 4.16698 -8.6392 8.2
      vertex 2.46127 -9.94804 8.2
      vertex 2.73726 -10.2627 8.2
    endloop
  endfacet
  facet normal 0 0 1
    outer loop
      vertex 3.98578 -7.72824 8.2
      vertex 1.90904 -7.17178 8.2
      vertex 3.95898 -7.86295 8.2
    endloop
  endfacet
  facet normal 0 0 1
    outer loop
      vertex 4.09067 -8.525 8.2
      vertex 2.22872 -9.6 8.2
      vertex 2.46127 -9.94804 8.2
    endloop
  endfacet
  facet normal -0 0 1
    outer loop
      vertex 1.82738 -7.58232 8.2
      vertex 3.95898 -7.86295 8.2
      vertex 1.90904 -7.17178 8.2
    endloop
  endfacet
  facet normal 0 0 1
    outer loop
      vertex 4.02993 -8.40182 8.2
      vertex 2.04358 -9.22459 8.2
      vertex 2.22872 -9.6 8.2
    endloop
  endfacet
  facet normal 0 0 1
    outer loop
      vertex 3.95898 -7.86295 8.2
      vertex 1.82738 -7.58232 8.2
      vertex 3.95 -8 8.2
    endloop
  endfacet
  facet normal 0 0 1
    outer loop
      vertex 3.98578 -8.27176 8.2
      vertex 1.90904 -8.82822 8.2
      vertex 2.04358 -9.22459 8.2
    endloop
  endfacet
  facet normal 0 0 1
    outer loop
      vertex 1.8 -8 8.2
      vertex 3.95 -8 8.2
      vertex 1.82738 -7.58232 8.2
    endloop
  endfacet
  facet normal 0 0 1
    outer loop
      vertex 3.95898 -8.13705 8.2
      vertex 1.82738 -8.41768 8.2
      vertex 1.90904 -8.82822 8.2
    endloop
  endfacet
  facet normal 0 0 1
    outer loop
      vertex 3.95 -8 8.2
      vertex 1.8 -8 8.2
      vertex 1.82738 -8.41768 8.2
    endloop
  endfacet
  facet normal -0.946937 0.321419 0
    outer loop
      vertex 1.90904 -7.17178 2
      vertex 2.04358 -6.77541 8.2
      vertex 2.04358 -6.77541 2
    endloop
  endfacet
  facet normal -0.946937 0.321419 0
    outer loop
      vertex 2.04358 -6.77541 8.2
      vertex 1.90904 -7.17178 2
      vertex 1.90904 -7.17178 8.2
    endloop
  endfacet
  facet normal -0.831473 0.555565 0
    outer loop
      vertex 2.22872 -6.4 2
      vertex 2.46127 -6.05196 8.2
      vertex 2.46127 -6.05196 2
    endloop
  endfacet
  facet normal -0.831473 0.555565 0
    outer loop
      vertex 2.46127 -6.05196 8.2
      vertex 2.22872 -6.4 2
      vertex 2.22872 -6.4 8.2
    endloop
  endfacet
  facet normal -0.0654122 0.997858 0
    outer loop
      vertex 5 -4.8 2
      vertex 4.58232 -4.82738 8.2
      vertex 5 -4.8 8.2
    endloop
  endfacet
  facet normal -0.0654122 0.997858 0
    outer loop
      vertex 4.58232 -4.82738 8.2
      vertex 5 -4.8 2
      vertex 4.58232 -4.82738 2
    endloop
  endfacet
  facet normal -0.555565 0.831473 0
    outer loop
      vertex 3.4 -5.22872 2
      vertex 3.05196 -5.46127 8.2
      vertex 3.4 -5.22872 8.2
    endloop
  endfacet
  facet normal -0.555565 0.831473 0
    outer loop
      vertex 3.05196 -5.46127 8.2
      vertex 3.4 -5.22872 2
      vertex 3.05196 -5.46127 2
    endloop
  endfacet
  facet normal -0.442305 0.896865 0
    outer loop
      vertex 3.77541 -5.04358 2
      vertex 3.4 -5.22872 8.2
      vertex 3.77541 -5.04358 8.2
    endloop
  endfacet
  facet normal -0.442305 0.896865 0
    outer loop
      vertex 3.4 -5.22872 8.2
      vertex 3.77541 -5.04358 2
      vertex 3.4 -5.22872 2
    endloop
  endfacet
  facet normal 0.980786 -0.195087 0
    outer loop
      vertex 8.09096 -8.82822 8.2
      vertex 8.17262 -8.41768 2
      vertex 8.17262 -8.41768 8.2
    endloop
  endfacet
  facet normal 0.980786 -0.195087 0
    outer loop
      vertex 8.17262 -8.41768 2
      vertex 8.09096 -8.82822 8.2
      vertex 8.09096 -8.82822 2
    endloop
  endfacet
  facet normal 0.0654598 -0.997855 0
    outer loop
      vertex 5 -11.2 2
      vertex 5.41768 -11.1726 8.2
      vertex 5 -11.2 8.2
    endloop
  endfacet
  facet normal 0.0654598 -0.997855 0
    outer loop
      vertex 5.41768 -11.1726 8.2
      vertex 5 -11.2 2
      vertex 5.41768 -11.1726 2
    endloop
  endfacet
  facet normal 0.321548 -0.946893 0
    outer loop
      vertex 5.82822 -11.091 2
      vertex 6.22459 -10.9564 8.2
      vertex 5.82822 -11.091 8.2
    endloop
  endfacet
  facet normal 0.321548 -0.946893 0
    outer loop
      vertex 6.22459 -10.9564 8.2
      vertex 5.82822 -11.091 2
      vertex 6.22459 -10.9564 2
    endloop
  endfacet
  facet normal 0.751792 -0.659401 0
    outer loop
      vertex 7.26274 -10.2627 8.2
      vertex 7.53873 -9.94804 2
      vertex 7.53873 -9.94804 8.2
    endloop
  endfacet
  facet normal 0.751792 -0.659401 0
    outer loop
      vertex 7.53873 -9.94804 2
      vertex 7.26274 -10.2627 8.2
      vertex 7.26274 -10.2627 2
    endloop
  endfacet
  facet normal 0.659367 -0.751821 0
    outer loop
      vertex 6.94804 -10.5387 2
      vertex 7.26274 -10.2627 8.2
      vertex 6.94804 -10.5387 8.2
    endloop
  endfacet
  facet normal 0.659367 -0.751821 0
    outer loop
      vertex 7.26274 -10.2627 8.2
      vertex 6.94804 -10.5387 2
      vertex 7.26274 -10.2627 2
    endloop
  endfacet
  facet normal 0.896874 -0.442285 0
    outer loop
      vertex 7.77128 -9.6 8.2
      vertex 7.95641 -9.22459 2
      vertex 7.95641 -9.22459 8.2
    endloop
  endfacet
  facet normal 0.896874 -0.442285 0
    outer loop
      vertex 7.95641 -9.22459 2
      vertex 7.77128 -9.6 8.2
      vertex 7.77128 -9.6 2
    endloop
  endfacet
  facet normal -0.555648 -0.831418 0
    outer loop
      vertex 3.05196 -10.5387 2
      vertex 3.4 -10.7713 8.2
      vertex 3.05196 -10.5387 8.2
    endloop
  endfacet
  facet normal -0.555648 -0.831418 -0
    outer loop
      vertex 3.4 -10.7713 8.2
      vertex 3.05196 -10.5387 2
      vertex 3.4 -10.7713 2
    endloop
  endfacet
  facet normal -0.946937 -0.321419 0
    outer loop
      vertex 2.04358 -9.22459 2
      vertex 1.90904 -8.82822 8.2
      vertex 1.90904 -8.82822 2
    endloop
  endfacet
  facet normal -0.946937 -0.321419 0
    outer loop
      vertex 1.90904 -8.82822 8.2
      vertex 2.04358 -9.22459 2
      vertex 2.04358 -9.22459 8.2
    endloop
  endfacet
  facet normal -0.997858 -0.0654122 0
    outer loop
      vertex 1.82738 -8.41768 2
      vertex 1.8 -8 8.2
      vertex 1.8 -8 2
    endloop
  endfacet
  facet normal -0.997858 -0.0654122 0
    outer loop
      vertex 1.8 -8 8.2
      vertex 1.82738 -8.41768 2
      vertex 1.82738 -8.41768 8.2
    endloop
  endfacet
  facet normal -0.896865 -0.442305 0
    outer loop
      vertex 2.22872 -9.6 2
      vertex 2.04358 -9.22459 8.2
      vertex 2.04358 -9.22459 2
    endloop
  endfacet
  facet normal -0.896865 -0.442305 0
    outer loop
      vertex 2.04358 -9.22459 8.2
      vertex 2.22872 -9.6 2
      vertex 2.22872 -9.6 8.2
    endloop
  endfacet
  facet normal 0.997858 -0.0654122 0
    outer loop
      vertex 8.17262 -8.41768 8.2
      vertex 8.2 -8 2
      vertex 8.2 -8 8.2
    endloop
  endfacet
  facet normal 0.997858 -0.0654122 0
    outer loop
      vertex 8.2 -8 2
      vertex 8.17262 -8.41768 8.2
      vertex 8.17262 -8.41768 2
    endloop
  endfacet
  facet normal 0.194949 -0.980813 0
    outer loop
      vertex 5.41768 -11.1726 2
      vertex 5.82822 -11.091 8.2
      vertex 5.41768 -11.1726 8.2
    endloop
  endfacet
  facet normal 0.194949 -0.980813 0
    outer loop
      vertex 5.82822 -11.091 8.2
      vertex 5.41768 -11.1726 2
      vertex 5.82822 -11.091 2
    endloop
  endfacet
  facet normal 0.442228 -0.896903 0
    outer loop
      vertex 6.22459 -10.9564 2
      vertex 6.6 -10.7713 8.2
      vertex 6.22459 -10.9564 8.2
    endloop
  endfacet
  facet normal 0.442228 -0.896903 0
    outer loop
      vertex 6.6 -10.7713 8.2
      vertex 6.22459 -10.9564 2
      vertex 6.6 -10.7713 2
    endloop
  endfacet
  facet normal 0.94693 -0.321441 0
    outer loop
      vertex 7.95641 -9.22459 8.2
      vertex 8.09096 -8.82822 2
      vertex 8.09096 -8.82822 8.2
    endloop
  endfacet
  facet normal 0.94693 -0.321441 0
    outer loop
      vertex 8.09096 -8.82822 2
      vertex 7.95641 -9.22459 8.2
      vertex 7.95641 -9.22459 2
    endloop
  endfacet
  facet normal -0.0654598 -0.997855 0
    outer loop
      vertex 4.58232 -11.1726 2
      vertex 5 -11.2 8.2
      vertex 4.58232 -11.1726 8.2
    endloop
  endfacet
  facet normal -0.0654598 -0.997855 -0
    outer loop
      vertex 5 -11.2 8.2
      vertex 4.58232 -11.1726 2
      vertex 5 -11.2 2
    endloop
  endfacet
  facet normal -0.442228 -0.896903 0
    outer loop
      vertex 3.4 -10.7713 2
      vertex 3.77541 -10.9564 8.2
      vertex 3.4 -10.7713 8.2
    endloop
  endfacet
  facet normal -0.442228 -0.896903 -0
    outer loop
      vertex 3.77541 -10.9564 8.2
      vertex 3.4 -10.7713 2
      vertex 3.77541 -10.9564 2
    endloop
  endfacet
  facet normal -0.980786 -0.195087 0
    outer loop
      vertex 1.90904 -8.82822 2
      vertex 1.82738 -8.41768 8.2
      vertex 1.82738 -8.41768 2
    endloop
  endfacet
  facet normal -0.980786 -0.195087 0
    outer loop
      vertex 1.82738 -8.41768 8.2
      vertex 1.90904 -8.82822 2
      vertex 1.90904 -8.82822 8.2
    endloop
  endfacet
  facet normal -0.831473 -0.555565 0
    outer loop
      vertex 2.46127 -9.94804 2
      vertex 2.22872 -9.6 8.2
      vertex 2.22872 -9.6 2
    endloop
  endfacet
  facet normal -0.831473 -0.555565 0
    outer loop
      vertex 2.22872 -9.6 8.2
      vertex 2.46127 -9.94804 2
      vertex 2.46127 -9.94804 8.2
    endloop
  endfacet
  facet normal 0.831443 0.55561 0
    outer loop
      vertex 7.77128 109.6 8.2
      vertex 7.53873 109.948 2
      vertex 7.53873 109.948 8.2
    endloop
  endfacet
  facet normal 0.831443 0.55561 0
    outer loop
      vertex 7.53873 109.948 2
      vertex 7.77128 109.6 8.2
      vertex 7.77128 109.6 2
    endloop
  endfacet
  facet normal 0.322404 0.946602 -0
    outer loop
      vertex 6.22459 110.956 2
      vertex 5.82822 111.091 8.2
      vertex 6.22459 110.956 8.2
    endloop
  endfacet
  facet normal 0.322404 0.946602 0
    outer loop
      vertex 5.82822 111.091 8.2
      vertex 6.22459 110.956 2
      vertex 5.82822 111.091 2
    endloop
  endfacet
  facet normal -0.442036 0.896998 0
    outer loop
      vertex 3.77541 110.956 2
      vertex 3.4 110.771 8.2
      vertex 3.77541 110.956 8.2
    endloop
  endfacet
  facet normal -0.442036 0.896998 0
    outer loop
      vertex 3.4 110.771 8.2
      vertex 3.77541 110.956 2
      vertex 3.4 110.771 2
    endloop
  endfacet
  facet normal -0.947092 0.320962 0
    outer loop
      vertex 1.90904 108.828 2
      vertex 2.04358 109.225 8.2
      vertex 2.04358 109.225 2
    endloop
  endfacet
  facet normal -0.947092 0.320962 0
    outer loop
      vertex 2.04358 109.225 8.2
      vertex 1.90904 108.828 2
      vertex 1.90904 108.828 8.2
    endloop
  endfacet
  facet normal 0.980737 -0.195334 0
    outer loop
      vertex 8.09096 107.172 8.2
      vertex 8.17262 107.582 2
      vertex 8.17262 107.582 8.2
    endloop
  endfacet
  facet normal 0.980737 -0.195334 0
    outer loop
      vertex 8.17262 107.582 2
      vertex 8.09096 107.172 8.2
      vertex 8.09096 107.172 2
    endloop
  endfacet
  facet normal -0.0645081 0.997917 0
    outer loop
      vertex 5 111.2 2
      vertex 4.58232 111.173 8.2
      vertex 5 111.2 8.2
    endloop
  endfacet
  facet normal -0.0645081 0.997917 0
    outer loop
      vertex 4.58232 111.173 8.2
      vertex 5 111.2 2
      vertex 4.58232 111.173 2
    endloop
  endfacet
  facet normal 0.554656 0.83208 -0
    outer loop
      vertex 6.94804 110.539 2
      vertex 6.6 110.771 8.2
      vertex 6.94804 110.539 8.2
    endloop
  endfacet
  facet normal 0.554656 0.83208 0
    outer loop
      vertex 6.6 110.771 8.2
      vertex 6.94804 110.539 2
      vertex 6.6 110.771 2
    endloop
  endfacet
  facet normal -0.997862 -0.0653623 0
    outer loop
      vertex 1.82738 107.582 2
      vertex 1.8 108 8.2
      vertex 1.8 108 2
    endloop
  endfacet
  facet normal -0.997862 -0.0653623 0
    outer loop
      vertex 1.8 108 8.2
      vertex 1.82738 107.582 2
      vertex 1.82738 107.582 8.2
    endloop
  endfacet
  facet normal -0.831443 0.55561 0
    outer loop
      vertex 2.22872 109.6 2
      vertex 2.46127 109.948 8.2
      vertex 2.46127 109.948 2
    endloop
  endfacet
  facet normal -0.831443 0.55561 0
    outer loop
      vertex 2.46127 109.948 8.2
      vertex 2.22872 109.6 2
      vertex 2.22872 109.6 8.2
    endloop
  endfacet
  facet normal -0.554656 0.83208 0
    outer loop
      vertex 3.4 110.771 2
      vertex 3.05196 110.539 8.2
      vertex 3.4 110.771 8.2
    endloop
  endfacet
  facet normal -0.554656 0.83208 0
    outer loop
      vertex 3.05196 110.539 8.2
      vertex 3.4 110.771 2
      vertex 3.05196 110.539 2
    endloop
  endfacet
  facet normal -0.195868 0.98063 0
    outer loop
      vertex 4.58232 111.173 2
      vertex 4.17178 111.091 8.2
      vertex 4.58232 111.173 8.2
    endloop
  endfacet
  facet normal -0.195868 0.98063 0
    outer loop
      vertex 4.17178 111.091 8.2
      vertex 4.58232 111.173 2
      vertex 4.17178 111.091 2
    endloop
  endfacet
  facet normal 0.997862 0.0653623 0
    outer loop
      vertex 8.2 108 8.2
      vertex 8.17262 108.418 2
      vertex 8.17262 108.418 8.2
    endloop
  endfacet
  facet normal 0.997862 0.0653623 0
    outer loop
      vertex 8.17262 108.418 2
      vertex 8.2 108 8.2
      vertex 8.2 108 2
    endloop
  endfacet
  facet normal 0.947085 -0.320983 0
    outer loop
      vertex 7.95641 106.775 8.2
      vertex 8.09096 107.172 2
      vertex 8.09096 107.172 8.2
    endloop
  endfacet
  facet normal 0.947085 -0.320983 0
    outer loop
      vertex 8.09096 107.172 2
      vertex 7.95641 106.775 8.2
      vertex 7.95641 106.775 2
    endloop
  endfacet
  facet normal -0.554656 -0.83208 0
    outer loop
      vertex 3.05196 105.461 2
      vertex 3.4 105.229 8.2
      vertex 3.05196 105.461 8.2
    endloop
  endfacet
  facet normal -0.554656 -0.83208 -0
    outer loop
      vertex 3.4 105.229 8.2
      vertex 3.05196 105.461 2
      vertex 3.4 105.229 2
    endloop
  endfacet
  facet normal -0.831443 -0.55561 0
    outer loop
      vertex 2.46127 106.052 2
      vertex 2.22872 106.4 8.2
      vertex 2.22872 106.4 2
    endloop
  endfacet
  facet normal -0.831443 -0.55561 0
    outer loop
      vertex 2.22872 106.4 8.2
      vertex 2.46127 106.052 2
      vertex 2.46127 106.052 8.2
    endloop
  endfacet
  facet normal 0.554656 -0.83208 0
    outer loop
      vertex 6.6 105.229 2
      vertex 6.94804 105.461 8.2
      vertex 6.6 105.229 8.2
    endloop
  endfacet
  facet normal 0.554656 -0.83208 0
    outer loop
      vertex 6.94804 105.461 8.2
      vertex 6.6 105.229 2
      vertex 6.94804 105.461 2
    endloop
  endfacet
  facet normal 0.659367 0.751821 -0
    outer loop
      vertex 7.26274 110.263 2
      vertex 6.94804 110.539 8.2
      vertex 7.26274 110.263 8.2
    endloop
  endfacet
  facet normal 0.659367 0.751821 0
    outer loop
      vertex 6.94804 110.539 8.2
      vertex 7.26274 110.263 2
      vertex 6.94804 110.539 2
    endloop
  endfacet
  facet normal 0.195868 0.98063 -0
    outer loop
      vertex 5.82822 111.091 2
      vertex 5.41768 111.173 8.2
      vertex 5.82822 111.091 8.2
    endloop
  endfacet
  facet normal 0.195868 0.98063 0
    outer loop
      vertex 5.41768 111.173 8.2
      vertex 5.82822 111.091 2
      vertex 5.41768 111.173 2
    endloop
  endfacet
  facet normal 0.0645081 0.997917 -0
    outer loop
      vertex 5.41768 111.173 2
      vertex 5 111.2 8.2
      vertex 5.41768 111.173 8.2
    endloop
  endfacet
  facet normal 0.0645081 0.997917 0
    outer loop
      vertex 5 111.2 8.2
      vertex 5.41768 111.173 2
      vertex 5 111.2 2
    endloop
  endfacet
  facet normal 0.442036 0.896998 -0
    outer loop
      vertex 6.6 110.771 2
      vertex 6.22459 110.956 8.2
      vertex 6.6 110.771 8.2
    endloop
  endfacet
  facet normal 0.442036 0.896998 0
    outer loop
      vertex 6.22459 110.956 8.2
      vertex 6.6 110.771 2
      vertex 6.22459 110.956 2
    endloop
  endfacet
  facet normal -0.980737 0.195334 0
    outer loop
      vertex 1.82738 108.418 2
      vertex 1.90904 108.828 8.2
      vertex 1.90904 108.828 2
    endloop
  endfacet
  facet normal -0.980737 0.195334 0
    outer loop
      vertex 1.90904 108.828 8.2
      vertex 1.82738 108.418 2
      vertex 1.82738 108.418 8.2
    endloop
  endfacet
  facet normal -0.997862 0.0653623 0
    outer loop
      vertex 1.8 108 2
      vertex 1.82738 108.418 8.2
      vertex 1.82738 108.418 2
    endloop
  endfacet
  facet normal -0.997862 0.0653623 0
    outer loop
      vertex 1.82738 108.418 8.2
      vertex 1.8 108 2
      vertex 1.8 108 8.2
    endloop
  endfacet
  facet normal -0.896673 0.442693 0
    outer loop
      vertex 2.04358 109.225 2
      vertex 2.22872 109.6 8.2
      vertex 2.22872 109.6 2
    endloop
  endfacet
  facet normal -0.896673 0.442693 0
    outer loop
      vertex 2.22872 109.6 8.2
      vertex 2.04358 109.225 2
      vertex 2.04358 109.225 8.2
    endloop
  endfacet
  facet normal -0.322404 0.946602 0
    outer loop
      vertex 4.17178 111.091 2
      vertex 3.77541 110.956 8.2
      vertex 4.17178 111.091 8.2
    endloop
  endfacet
  facet normal -0.322404 0.946602 0
    outer loop
      vertex 3.77541 110.956 8.2
      vertex 4.17178 111.091 2
      vertex 3.77541 110.956 2
    endloop
  endfacet
  facet normal -0.659367 0.751821 0
    outer loop
      vertex 3.05196 110.539 2
      vertex 2.73726 110.263 8.2
      vertex 3.05196 110.539 8.2
    endloop
  endfacet
  facet normal -0.659367 0.751821 0
    outer loop
      vertex 2.73726 110.263 8.2
      vertex 3.05196 110.539 2
      vertex 2.73726 110.263 2
    endloop
  endfacet
  facet normal -0.752145 0.658998 0
    outer loop
      vertex 2.46127 109.948 2
      vertex 2.73726 110.263 8.2
      vertex 2.73726 110.263 2
    endloop
  endfacet
  facet normal -0.752145 0.658998 0
    outer loop
      vertex 2.73726 110.263 8.2
      vertex 2.46127 109.948 2
      vertex 2.46127 109.948 8.2
    endloop
  endfacet
  facet normal 0.997862 -0.0653623 0
    outer loop
      vertex 8.17262 107.582 8.2
      vertex 8.2 108 2
      vertex 8.2 108 8.2
    endloop
  endfacet
  facet normal 0.997862 -0.0653623 0
    outer loop
      vertex 8.2 108 2
      vertex 8.17262 107.582 8.2
      vertex 8.17262 107.582 2
    endloop
  endfacet
  facet normal 0.831443 -0.55561 0
    outer loop
      vertex 7.53873 106.052 8.2
      vertex 7.77128 106.4 2
      vertex 7.77128 106.4 8.2
    endloop
  endfacet
  facet normal 0.831443 -0.55561 0
    outer loop
      vertex 7.77128 106.4 2
      vertex 7.53873 106.052 8.2
      vertex 7.53873 106.052 2
    endloop
  endfacet
  facet normal -0.980737 -0.195334 0
    outer loop
      vertex 1.90904 107.172 2
      vertex 1.82738 107.582 8.2
      vertex 1.82738 107.582 2
    endloop
  endfacet
  facet normal -0.980737 -0.195334 0
    outer loop
      vertex 1.82738 107.582 8.2
      vertex 1.90904 107.172 2
      vertex 1.90904 107.172 8.2
    endloop
  endfacet
  facet normal -0.752145 -0.658998 0
    outer loop
      vertex 2.73726 105.737 2
      vertex 2.46127 106.052 8.2
      vertex 2.46127 106.052 2
    endloop
  endfacet
  facet normal -0.752145 -0.658998 0
    outer loop
      vertex 2.46127 106.052 8.2
      vertex 2.73726 105.737 2
      vertex 2.73726 105.737 8.2
    endloop
  endfacet
  facet normal 0.195868 -0.98063 0
    outer loop
      vertex 5.41768 104.827 2
      vertex 5.82822 104.909 8.2
      vertex 5.41768 104.827 8.2
    endloop
  endfacet
  facet normal 0.195868 -0.98063 0
    outer loop
      vertex 5.82822 104.909 8.2
      vertex 5.41768 104.827 2
      vertex 5.82822 104.909 2
    endloop
  endfacet
  facet normal 0.659367 -0.751821 0
    outer loop
      vertex 6.94804 105.461 2
      vertex 7.26274 105.737 8.2
      vertex 6.94804 105.461 8.2
    endloop
  endfacet
  facet normal 0.659367 -0.751821 0
    outer loop
      vertex 7.26274 105.737 8.2
      vertex 6.94804 105.461 2
      vertex 7.26274 105.737 2
    endloop
  endfacet
  facet normal 0.896683 0.442674 0
    outer loop
      vertex 7.95641 109.225 8.2
      vertex 7.77128 109.6 2
      vertex 7.77128 109.6 8.2
    endloop
  endfacet
  facet normal 0.896683 0.442674 0
    outer loop
      vertex 7.77128 109.6 2
      vertex 7.95641 109.225 8.2
      vertex 7.95641 109.225 2
    endloop
  endfacet
  facet normal 0.947085 0.320983 0
    outer loop
      vertex 8.09096 108.828 8.2
      vertex 7.95641 109.225 2
      vertex 7.95641 109.225 8.2
    endloop
  endfacet
  facet normal 0.947085 0.320983 0
    outer loop
      vertex 7.95641 109.225 2
      vertex 8.09096 108.828 8.2
      vertex 8.09096 108.828 2
    endloop
  endfacet
  facet normal 0.980737 0.195334 0
    outer loop
      vertex 8.17262 108.418 8.2
      vertex 8.09096 108.828 2
      vertex 8.09096 108.828 8.2
    endloop
  endfacet
  facet normal 0.980737 0.195334 0
    outer loop
      vertex 8.09096 108.828 2
      vertex 8.17262 108.418 8.2
      vertex 8.17262 108.418 2
    endloop
  endfacet
  facet normal 0.752145 0.658998 0
    outer loop
      vertex 7.53873 109.948 8.2
      vertex 7.26274 110.263 2
      vertex 7.26274 110.263 8.2
    endloop
  endfacet
  facet normal 0.752145 0.658998 0
    outer loop
      vertex 7.26274 110.263 2
      vertex 7.53873 109.948 8.2
      vertex 7.53873 109.948 2
    endloop
  endfacet
  facet normal 0 0 1
    outer loop
      vertex 6.05 108 8.2
      vertex 8.2 108 8.2
      vertex 8.17262 108.418 8.2
    endloop
  endfacet
  facet normal 0 0 1
    outer loop
      vertex 6.04102 108.137 8.2
      vertex 8.17262 108.418 8.2
      vertex 8.09096 108.828 8.2
    endloop
  endfacet
  facet normal 0 0 1
    outer loop
      vertex 8.2 108 8.2
      vertex 6.05 108 8.2
      vertex 8.17262 107.582 8.2
    endloop
  endfacet
  facet normal 0 0 1
    outer loop
      vertex 6.01422 108.272 8.2
      vertex 8.09096 108.828 8.2
      vertex 7.95641 109.225 8.2
    endloop
  endfacet
  facet normal -0 0 1
    outer loop
      vertex 6.04102 107.863 8.2
      vertex 8.17262 107.582 8.2
      vertex 6.05 108 8.2
    endloop
  endfacet
  facet normal 0 0 1
    outer loop
      vertex 5.97007 108.402 8.2
      vertex 7.95641 109.225 8.2
      vertex 7.77128 109.6 8.2
    endloop
  endfacet
  facet normal 0 0 1
    outer loop
      vertex 8.17262 107.582 8.2
      vertex 6.04102 107.863 8.2
      vertex 8.09096 107.172 8.2
    endloop
  endfacet
  facet normal 0 0 1
    outer loop
      vertex 5.90933 108.525 8.2
      vertex 7.77128 109.6 8.2
      vertex 7.53873 109.948 8.2
    endloop
  endfacet
  facet normal -0 0 1
    outer loop
      vertex 6.01422 107.728 8.2
      vertex 8.09096 107.172 8.2
      vertex 6.04102 107.863 8.2
    endloop
  endfacet
  facet normal 0 0 1
    outer loop
      vertex 5.83302 108.639 8.2
      vertex 7.53873 109.948 8.2
      vertex 7.26274 110.263 8.2
    endloop
  endfacet
  facet normal 0 0 1
    outer loop
      vertex 8.09096 107.172 8.2
      vertex 6.01422 107.728 8.2
      vertex 7.95641 106.775 8.2
    endloop
  endfacet
  facet normal 0 0 1
    outer loop
      vertex 5.74246 108.742 8.2
      vertex 7.26274 110.263 8.2
      vertex 6.94804 110.539 8.2
    endloop
  endfacet
  facet normal -0 0 1
    outer loop
      vertex 5.97007 107.598 8.2
      vertex 7.95641 106.775 8.2
      vertex 6.01422 107.728 8.2
    endloop
  endfacet
  facet normal 0 0 1
    outer loop
      vertex 5.6392 108.833 8.2
      vertex 6.94804 110.539 8.2
      vertex 6.6 110.771 8.2
    endloop
  endfacet
  facet normal 0 0 1
    outer loop
      vertex 7.95641 106.775 8.2
      vertex 5.97007 107.598 8.2
      vertex 7.77128 106.4 8.2
    endloop
  endfacet
  facet normal 0 0 1
    outer loop
      vertex 5.525 108.909 8.2
      vertex 6.6 110.771 8.2
      vertex 6.22459 110.956 8.2
    endloop
  endfacet
  facet normal -0 0 1
    outer loop
      vertex 5.90933 107.475 8.2
      vertex 7.77128 106.4 8.2
      vertex 5.97007 107.598 8.2
    endloop
  endfacet
  facet normal 0 0 1
    outer loop
      vertex 7.77128 106.4 8.2
      vertex 5.90933 107.475 8.2
      vertex 7.53873 106.052 8.2
    endloop
  endfacet
  facet normal 0 0 1
    outer loop
      vertex 8.17262 108.418 8.2
      vertex 6.04102 108.137 8.2
      vertex 6.05 108 8.2
    endloop
  endfacet
  facet normal 0 0 1
    outer loop
      vertex 8.09096 108.828 8.2
      vertex 6.01422 108.272 8.2
      vertex 6.04102 108.137 8.2
    endloop
  endfacet
  facet normal 0 0 1
    outer loop
      vertex 7.95641 109.225 8.2
      vertex 5.97007 108.402 8.2
      vertex 6.01422 108.272 8.2
    endloop
  endfacet
  facet normal 0 0 1
    outer loop
      vertex 7.77128 109.6 8.2
      vertex 5.90933 108.525 8.2
      vertex 5.97007 108.402 8.2
    endloop
  endfacet
  facet normal 0 0 1
    outer loop
      vertex 7.53873 109.948 8.2
      vertex 5.83302 108.639 8.2
      vertex 5.90933 108.525 8.2
    endloop
  endfacet
  facet normal 0 0 1
    outer loop
      vertex 5.40182 108.97 8.2
      vertex 6.22459 110.956 8.2
      vertex 5.82822 111.091 8.2
    endloop
  endfacet
  facet normal 0 0 1
    outer loop
      vertex 7.26274 110.263 8.2
      vertex 5.74246 108.742 8.2
      vertex 5.83302 108.639 8.2
    endloop
  endfacet
  facet normal 0 0 1
    outer loop
      vertex 6.94804 110.539 8.2
      vertex 5.6392 108.833 8.2
      vertex 5.74246 108.742 8.2
    endloop
  endfacet
  facet normal 0 0 1
    outer loop
      vertex 6.6 110.771 8.2
      vertex 5.525 108.909 8.2
      vertex 5.6392 108.833 8.2
    endloop
  endfacet
  facet normal 0 0 1
    outer loop
      vertex 5.27176 109.014 8.2
      vertex 5.82822 111.091 8.2
      vertex 5.41768 111.173 8.2
    endloop
  endfacet
  facet normal 0 0 1
    outer loop
      vertex 6.22459 110.956 8.2
      vertex 5.40182 108.97 8.2
      vertex 5.525 108.909 8.2
    endloop
  endfacet
  facet normal 0 0 1
    outer loop
      vertex 5.82822 111.091 8.2
      vertex 5.27176 109.014 8.2
      vertex 5.40182 108.97 8.2
    endloop
  endfacet
  facet normal 0 0 1
    outer loop
      vertex 5.41768 111.173 8.2
      vertex 5.13705 109.041 8.2
      vertex 5.27176 109.014 8.2
    endloop
  endfacet
  facet normal 0 0 1
    outer loop
      vertex 5 111.2 8.2
      vertex 5.13705 109.041 8.2
      vertex 5.41768 111.173 8.2
    endloop
  endfacet
  facet normal 0 0 1
    outer loop
      vertex 5 111.2 8.2
      vertex 5 109.05 8.2
      vertex 5.13705 109.041 8.2
    endloop
  endfacet
  facet normal 0 0 1
    outer loop
      vertex 5 111.2 8.2
      vertex 4.86295 109.041 8.2
      vertex 5 109.05 8.2
    endloop
  endfacet
  facet normal -0 0 1
    outer loop
      vertex 4.58232 111.173 8.2
      vertex 4.86295 109.041 8.2
      vertex 5 111.2 8.2
    endloop
  endfacet
  facet normal 0 0 1
    outer loop
      vertex 4.86295 109.041 8.2
      vertex 4.58232 111.173 8.2
      vertex 4.72824 109.014 8.2
    endloop
  endfacet
  facet normal -0 0 1
    outer loop
      vertex 4.17178 111.091 8.2
      vertex 4.72824 109.014 8.2
      vertex 4.58232 111.173 8.2
    endloop
  endfacet
  facet normal 0 0 1
    outer loop
      vertex 4.72824 109.014 8.2
      vertex 4.17178 111.091 8.2
      vertex 4.59818 108.97 8.2
    endloop
  endfacet
  facet normal -0 0 1
    outer loop
      vertex 3.77541 110.956 8.2
      vertex 4.59818 108.97 8.2
      vertex 4.17178 111.091 8.2
    endloop
  endfacet
  facet normal 0 0 1
    outer loop
      vertex 4.59818 108.97 8.2
      vertex 3.77541 110.956 8.2
      vertex 4.475 108.909 8.2
    endloop
  endfacet
  facet normal -0 0 1
    outer loop
      vertex 3.4 110.771 8.2
      vertex 4.475 108.909 8.2
      vertex 3.77541 110.956 8.2
    endloop
  endfacet
  facet normal 0 0 1
    outer loop
      vertex 4.475 108.909 8.2
      vertex 3.4 110.771 8.2
      vertex 4.3608 108.833 8.2
    endloop
  endfacet
  facet normal -0 0 1
    outer loop
      vertex 3.05196 110.539 8.2
      vertex 4.3608 108.833 8.2
      vertex 3.4 110.771 8.2
    endloop
  endfacet
  facet normal 0 0 1
    outer loop
      vertex 4.3608 108.833 8.2
      vertex 3.05196 110.539 8.2
      vertex 4.25754 108.742 8.2
    endloop
  endfacet
  facet normal -0 0 1
    outer loop
      vertex 2.73726 110.263 8.2
      vertex 4.25754 108.742 8.2
      vertex 3.05196 110.539 8.2
    endloop
  endfacet
  facet normal 0 0 1
    outer loop
      vertex 4.25754 108.742 8.2
      vertex 2.73726 110.263 8.2
      vertex 4.16698 108.639 8.2
    endloop
  endfacet
  facet normal 0 0 1
    outer loop
      vertex 4.16698 108.639 8.2
      vertex 2.46127 109.948 8.2
      vertex 4.09067 108.525 8.2
    endloop
  endfacet
  facet normal -0 0 1
    outer loop
      vertex 2.46127 109.948 8.2
      vertex 4.16698 108.639 8.2
      vertex 2.73726 110.263 8.2
    endloop
  endfacet
  facet normal -0 0 1
    outer loop
      vertex 5.83302 107.361 8.2
      vertex 7.53873 106.052 8.2
      vertex 5.90933 107.475 8.2
    endloop
  endfacet
  facet normal 0 0 1
    outer loop
      vertex 7.53873 106.052 8.2
      vertex 5.83302 107.361 8.2
      vertex 7.26274 105.737 8.2
    endloop
  endfacet
  facet normal -0 0 1
    outer loop
      vertex 5.74246 107.258 8.2
      vertex 7.26274 105.737 8.2
      vertex 5.83302 107.361 8.2
    endloop
  endfacet
  facet normal 0 0 1
    outer loop
      vertex 7.26274 105.737 8.2
      vertex 5.74246 107.258 8.2
      vertex 6.94804 105.461 8.2
    endloop
  endfacet
  facet normal -0 0 1
    outer loop
      vertex 5.6392 107.167 8.2
      vertex 6.94804 105.461 8.2
      vertex 5.74246 107.258 8.2
    endloop
  endfacet
  facet normal 0 0 1
    outer loop
      vertex 6.94804 105.461 8.2
      vertex 5.6392 107.167 8.2
      vertex 6.6 105.229 8.2
    endloop
  endfacet
  facet normal -0 0 1
    outer loop
      vertex 5.525 107.091 8.2
      vertex 6.6 105.229 8.2
      vertex 5.6392 107.167 8.2
    endloop
  endfacet
  facet normal 0 0 1
    outer loop
      vertex 6.6 105.229 8.2
      vertex 5.525 107.091 8.2
      vertex 6.22459 105.044 8.2
    endloop
  endfacet
  facet normal -0 0 1
    outer loop
      vertex 5.40182 107.03 8.2
      vertex 6.22459 105.044 8.2
      vertex 5.525 107.091 8.2
    endloop
  endfacet
  facet normal 0 0 1
    outer loop
      vertex 6.22459 105.044 8.2
      vertex 5.40182 107.03 8.2
      vertex 5.82822 104.909 8.2
    endloop
  endfacet
  facet normal -0 0 1
    outer loop
      vertex 5.27176 106.986 8.2
      vertex 5.82822 104.909 8.2
      vertex 5.40182 107.03 8.2
    endloop
  endfacet
  facet normal 0 0 1
    outer loop
      vertex 5.82822 104.909 8.2
      vertex 5.27176 106.986 8.2
      vertex 5.41768 104.827 8.2
    endloop
  endfacet
  facet normal -0 0 1
    outer loop
      vertex 5.13705 106.959 8.2
      vertex 5.41768 104.827 8.2
      vertex 5.27176 106.986 8.2
    endloop
  endfacet
  facet normal -0 0 1
    outer loop
      vertex 5 106.95 8.2
      vertex 5.41768 104.827 8.2
      vertex 5.13705 106.959 8.2
    endloop
  endfacet
  facet normal 0 0 1
    outer loop
      vertex 5 106.95 8.2
      vertex 5 104.8 8.2
      vertex 5.41768 104.827 8.2
    endloop
  endfacet
  facet normal 0 0 1
    outer loop
      vertex 4.86295 106.959 8.2
      vertex 5 104.8 8.2
      vertex 5 106.95 8.2
    endloop
  endfacet
  facet normal 0 0 1
    outer loop
      vertex 4.58232 104.827 8.2
      vertex 4.86295 106.959 8.2
      vertex 4.72824 106.986 8.2
    endloop
  endfacet
  facet normal 0 0 1
    outer loop
      vertex 4.17178 104.909 8.2
      vertex 4.72824 106.986 8.2
      vertex 4.59818 107.03 8.2
    endloop
  endfacet
  facet normal 0 0 1
    outer loop
      vertex 4.86295 106.959 8.2
      vertex 4.58232 104.827 8.2
      vertex 5 104.8 8.2
    endloop
  endfacet
  facet normal 0 0 1
    outer loop
      vertex 3.77541 105.044 8.2
      vertex 4.59818 107.03 8.2
      vertex 4.475 107.091 8.2
    endloop
  endfacet
  facet normal 0 0 1
    outer loop
      vertex 3.4 105.229 8.2
      vertex 4.475 107.091 8.2
      vertex 4.3608 107.167 8.2
    endloop
  endfacet
  facet normal 0 0 1
    outer loop
      vertex 3.05196 105.461 8.2
      vertex 4.3608 107.167 8.2
      vertex 4.25754 107.258 8.2
    endloop
  endfacet
  facet normal 0 0 1
    outer loop
      vertex 4.72824 106.986 8.2
      vertex 4.17178 104.909 8.2
      vertex 4.58232 104.827 8.2
    endloop
  endfacet
  facet normal 0 0 1
    outer loop
      vertex 2.73726 105.737 8.2
      vertex 4.25754 107.258 8.2
      vertex 4.16698 107.361 8.2
    endloop
  endfacet
  facet normal 0 0 1
    outer loop
      vertex 2.46127 106.052 8.2
      vertex 4.16698 107.361 8.2
      vertex 4.09067 107.475 8.2
    endloop
  endfacet
  facet normal 0 0 1
    outer loop
      vertex 2.22872 106.4 8.2
      vertex 4.09067 107.475 8.2
      vertex 4.02993 107.598 8.2
    endloop
  endfacet
  facet normal 0 0 1
    outer loop
      vertex 2.04358 106.775 8.2
      vertex 4.02993 107.598 8.2
      vertex 3.98578 107.728 8.2
    endloop
  endfacet
  facet normal 0 0 1
    outer loop
      vertex 1.90904 107.172 8.2
      vertex 3.98578 107.728 8.2
      vertex 3.95898 107.863 8.2
    endloop
  endfacet
  facet normal 0 0 1
    outer loop
      vertex 4.59818 107.03 8.2
      vertex 3.77541 105.044 8.2
      vertex 4.17178 104.909 8.2
    endloop
  endfacet
  facet normal 0 0 1
    outer loop
      vertex 1.82738 107.582 8.2
      vertex 3.95898 107.863 8.2
      vertex 3.95 108 8.2
    endloop
  endfacet
  facet normal -0 0 1
    outer loop
      vertex 2.22872 109.6 8.2
      vertex 4.09067 108.525 8.2
      vertex 2.46127 109.948 8.2
    endloop
  endfacet
  facet normal 0 0 1
    outer loop
      vertex 4.09067 108.525 8.2
      vertex 2.22872 109.6 8.2
      vertex 4.02993 108.402 8.2
    endloop
  endfacet
  facet normal 0 0 1
    outer loop
      vertex 4.475 107.091 8.2
      vertex 3.4 105.229 8.2
      vertex 3.77541 105.044 8.2
    endloop
  endfacet
  facet normal -0 0 1
    outer loop
      vertex 2.04358 109.225 8.2
      vertex 4.02993 108.402 8.2
      vertex 2.22872 109.6 8.2
    endloop
  endfacet
  facet normal 0 0 1
    outer loop
      vertex 4.3608 107.167 8.2
      vertex 3.05196 105.461 8.2
      vertex 3.4 105.229 8.2
    endloop
  endfacet
  facet normal 0 0 1
    outer loop
      vertex 4.02993 108.402 8.2
      vertex 2.04358 109.225 8.2
      vertex 3.98578 108.272 8.2
    endloop
  endfacet
  facet normal 0 0 1
    outer loop
      vertex 4.25754 107.258 8.2
      vertex 2.73726 105.737 8.2
      vertex 3.05196 105.461 8.2
    endloop
  endfacet
  facet normal -0 0 1
    outer loop
      vertex 1.90904 108.828 8.2
      vertex 3.98578 108.272 8.2
      vertex 2.04358 109.225 8.2
    endloop
  endfacet
  facet normal 0 0 1
    outer loop
      vertex 4.16698 107.361 8.2
      vertex 2.46127 106.052 8.2
      vertex 2.73726 105.737 8.2
    endloop
  endfacet
  facet normal 0 0 1
    outer loop
      vertex 3.98578 108.272 8.2
      vertex 1.90904 108.828 8.2
      vertex 3.95898 108.137 8.2
    endloop
  endfacet
  facet normal 0 0 1
    outer loop
      vertex 4.09067 107.475 8.2
      vertex 2.22872 106.4 8.2
      vertex 2.46127 106.052 8.2
    endloop
  endfacet
  facet normal -0 0 1
    outer loop
      vertex 1.82738 108.418 8.2
      vertex 3.95898 108.137 8.2
      vertex 1.90904 108.828 8.2
    endloop
  endfacet
  facet normal 0 0 1
    outer loop
      vertex 4.02993 107.598 8.2
      vertex 2.04358 106.775 8.2
      vertex 2.22872 106.4 8.2
    endloop
  endfacet
  facet normal 0 0 1
    outer loop
      vertex 3.95898 108.137 8.2
      vertex 1.82738 108.418 8.2
      vertex 3.95 108 8.2
    endloop
  endfacet
  facet normal 0 0 1
    outer loop
      vertex 3.98578 107.728 8.2
      vertex 1.90904 107.172 8.2
      vertex 2.04358 106.775 8.2
    endloop
  endfacet
  facet normal 0 0 1
    outer loop
      vertex 1.8 108 8.2
      vertex 3.95 108 8.2
      vertex 1.82738 108.418 8.2
    endloop
  endfacet
  facet normal 0 0 1
    outer loop
      vertex 3.95898 107.863 8.2
      vertex 1.82738 107.582 8.2
      vertex 1.90904 107.172 8.2
    endloop
  endfacet
  facet normal 0 0 1
    outer loop
      vertex 3.95 108 8.2
      vertex 1.8 108 8.2
      vertex 1.82738 107.582 8.2
    endloop
  endfacet
  facet normal 0.896683 -0.442674 0
    outer loop
      vertex 7.77128 106.4 8.2
      vertex 7.95641 106.775 2
      vertex 7.95641 106.775 8.2
    endloop
  endfacet
  facet normal 0.896683 -0.442674 0
    outer loop
      vertex 7.95641 106.775 2
      vertex 7.77128 106.4 8.2
      vertex 7.77128 106.4 2
    endloop
  endfacet
  facet normal -0.322404 -0.946602 0
    outer loop
      vertex 3.77541 105.044 2
      vertex 4.17178 104.909 8.2
      vertex 3.77541 105.044 8.2
    endloop
  endfacet
  facet normal -0.322404 -0.946602 -0
    outer loop
      vertex 4.17178 104.909 8.2
      vertex 3.77541 105.044 2
      vertex 4.17178 104.909 2
    endloop
  endfacet
  facet normal 0.0645081 -0.997917 0
    outer loop
      vertex 5 104.8 2
      vertex 5.41768 104.827 8.2
      vertex 5 104.8 8.2
    endloop
  endfacet
  facet normal 0.0645081 -0.997917 0
    outer loop
      vertex 5.41768 104.827 8.2
      vertex 5 104.8 2
      vertex 5.41768 104.827 2
    endloop
  endfacet
  facet normal -0.896673 -0.442693 0
    outer loop
      vertex 2.22872 106.4 2
      vertex 2.04358 106.775 8.2
      vertex 2.04358 106.775 2
    endloop
  endfacet
  facet normal -0.896673 -0.442693 0
    outer loop
      vertex 2.04358 106.775 8.2
      vertex 2.22872 106.4 2
      vertex 2.22872 106.4 8.2
    endloop
  endfacet
  facet normal -0.947092 -0.320962 0
    outer loop
      vertex 2.04358 106.775 2
      vertex 1.90904 107.172 8.2
      vertex 1.90904 107.172 2
    endloop
  endfacet
  facet normal -0.947092 -0.320962 0
    outer loop
      vertex 1.90904 107.172 8.2
      vertex 2.04358 106.775 2
      vertex 2.04358 106.775 8.2
    endloop
  endfacet
  facet normal -0.659367 -0.751821 0
    outer loop
      vertex 2.73726 105.737 2
      vertex 3.05196 105.461 8.2
      vertex 2.73726 105.737 8.2
    endloop
  endfacet
  facet normal -0.659367 -0.751821 -0
    outer loop
      vertex 3.05196 105.461 8.2
      vertex 2.73726 105.737 2
      vertex 3.05196 105.461 2
    endloop
  endfacet
  facet normal 0.442036 -0.896998 0
    outer loop
      vertex 6.22459 105.044 2
      vertex 6.6 105.229 8.2
      vertex 6.22459 105.044 8.2
    endloop
  endfacet
  facet normal 0.442036 -0.896998 0
    outer loop
      vertex 6.6 105.229 8.2
      vertex 6.22459 105.044 2
      vertex 6.6 105.229 2
    endloop
  endfacet
  facet normal 0.322404 -0.946602 0
    outer loop
      vertex 5.82822 104.909 2
      vertex 6.22459 105.044 8.2
      vertex 5.82822 104.909 8.2
    endloop
  endfacet
  facet normal 0.322404 -0.946602 0
    outer loop
      vertex 6.22459 105.044 8.2
      vertex 5.82822 104.909 2
      vertex 6.22459 105.044 2
    endloop
  endfacet
  facet normal -0.195868 -0.98063 0
    outer loop
      vertex 4.17178 104.909 2
      vertex 4.58232 104.827 8.2
      vertex 4.17178 104.909 8.2
    endloop
  endfacet
  facet normal -0.195868 -0.98063 -0
    outer loop
      vertex 4.58232 104.827 8.2
      vertex 4.17178 104.909 2
      vertex 4.58232 104.827 2
    endloop
  endfacet
  facet normal -0.442036 -0.896998 0
    outer loop
      vertex 3.4 105.229 2
      vertex 3.77541 105.044 8.2
      vertex 3.4 105.229 8.2
    endloop
  endfacet
  facet normal -0.442036 -0.896998 -0
    outer loop
      vertex 3.77541 105.044 8.2
      vertex 3.4 105.229 2
      vertex 3.77541 105.044 2
    endloop
  endfacet
  facet normal 0.752145 -0.658998 0
    outer loop
      vertex 7.26274 105.737 8.2
      vertex 7.53873 106.052 2
      vertex 7.53873 106.052 8.2
    endloop
  endfacet
  facet normal 0.752145 -0.658998 0
    outer loop
      vertex 7.53873 106.052 2
      vertex 7.26274 105.737 8.2
      vertex 7.26274 105.737 2
    endloop
  endfacet
  facet normal -0.0645081 -0.997917 0
    outer loop
      vertex 4.58232 104.827 2
      vertex 5 104.8 8.2
      vertex 4.58232 104.827 8.2
    endloop
  endfacet
  facet normal -0.0645081 -0.997917 -0
    outer loop
      vertex 5 104.8 8.2
      vertex 4.58232 104.827 2
      vertex 5 104.8 2
    endloop
  endfacet
  facet normal -0.832499 -0.554027 0
    outer loop
      vertex 162.909 -7.475 3
      vertex 162.833 -7.3608 8.2
      vertex 162.833 -7.3608 3
    endloop
  endfacet
  facet normal -0.832499 -0.554027 0
    outer loop
      vertex 162.833 -7.3608 8.2
      vertex 162.909 -7.475 3
      vertex 162.909 -7.475 8.2
    endloop
  endfacet
  facet normal -0.321576 -0.946884 0
    outer loop
      vertex 162.272 -6.98578 3
      vertex 162.402 -7.02993 8.2
      vertex 162.272 -6.98578 8.2
    endloop
  endfacet
  facet normal -0.321576 -0.946884 -0
    outer loop
      vertex 162.402 -7.02993 8.2
      vertex 162.272 -6.98578 3
      vertex 162.402 -7.02993 3
    endloop
  endfacet
  facet normal 0.442776 -0.896632 0
    outer loop
      vertex 161.475 -7.09067 3
      vertex 161.598 -7.02993 8.2
      vertex 161.475 -7.09067 8.2
    endloop
  endfacet
  facet normal 0.442776 -0.896632 0
    outer loop
      vertex 161.598 -7.02993 8.2
      vertex 161.475 -7.09067 3
      vertex 161.598 -7.02993 3
    endloop
  endfacet
  facet normal 0.896138 -0.443776 0
    outer loop
      vertex 161.03 -7.59818 8.2
      vertex 161.091 -7.475 3
      vertex 161.091 -7.475 8.2
    endloop
  endfacet
  facet normal 0.896138 -0.443776 0
    outer loop
      vertex 161.091 -7.475 3
      vertex 161.03 -7.59818 8.2
      vertex 161.03 -7.59818 3
    endloop
  endfacet
  facet normal -0.997851 0.0655283 0
    outer loop
      vertex 163.041 -8.13705 3
      vertex 163.05 -8 8.2
      vertex 163.05 -8 3
    endloop
  endfacet
  facet normal -0.997851 0.0655283 0
    outer loop
      vertex 163.05 -8 8.2
      vertex 163.041 -8.13705 3
      vertex 163.041 -8.13705 8.2
    endloop
  endfacet
  facet normal -0.556264 -0.831006 0
    outer loop
      vertex 162.525 -7.09067 3
      vertex 162.639 -7.16698 8.2
      vertex 162.525 -7.09067 8.2
    endloop
  endfacet
  facet normal -0.556264 -0.831006 -0
    outer loop
      vertex 162.639 -7.16698 8.2
      vertex 162.525 -7.09067 3
      vertex 162.639 -7.16698 3
    endloop
  endfacet
  facet normal 0.997851 -0.0655283 0
    outer loop
      vertex 160.95 -8 8.2
      vertex 160.959 -7.86295 3
      vertex 160.959 -7.86295 8.2
    endloop
  endfacet
  facet normal 0.997851 -0.0655283 0
    outer loop
      vertex 160.959 -7.86295 3
      vertex 160.95 -8 8.2
      vertex 160.95 -8 3
    endloop
  endfacet
  facet normal 0.832499 -0.554027 0
    outer loop
      vertex 161.091 -7.475 8.2
      vertex 161.167 -7.3608 3
      vertex 161.167 -7.3608 8.2
    endloop
  endfacet
  facet normal 0.832499 -0.554027 0
    outer loop
      vertex 161.167 -7.3608 3
      vertex 161.091 -7.475 8.2
      vertex 161.091 -7.475 3
    endloop
  endfacet
  facet normal 0.556264 -0.831006 0
    outer loop
      vertex 161.361 -7.16698 3
      vertex 161.475 -7.09067 8.2
      vertex 161.361 -7.16698 8.2
    endloop
  endfacet
  facet normal 0.556264 -0.831006 0
    outer loop
      vertex 161.475 -7.09067 8.2
      vertex 161.361 -7.16698 3
      vertex 161.475 -7.09067 3
    endloop
  endfacet
  facet normal 0.194719 -0.980859 0
    outer loop
      vertex 161.728 -6.98578 3
      vertex 161.863 -6.95898 8.2
      vertex 161.728 -6.98578 8.2
    endloop
  endfacet
  facet normal 0.194719 -0.980859 0
    outer loop
      vertex 161.863 -6.95898 8.2
      vertex 161.728 -6.98578 3
      vertex 161.863 -6.95898 3
    endloop
  endfacet
  facet normal -0.660299 -0.751003 0
    outer loop
      vertex 162.639 -7.16698 3
      vertex 162.742 -7.25754 8.2
      vertex 162.639 -7.16698 8.2
    endloop
  endfacet
  facet normal -0.660299 -0.751003 -0
    outer loop
      vertex 162.742 -7.25754 8.2
      vertex 162.639 -7.16698 3
      vertex 162.742 -7.25754 3
    endloop
  endfacet
  facet normal 0.0654071 -0.997859 0
    outer loop
      vertex 161.863 -6.95898 3
      vertex 162 -6.95 8.2
      vertex 161.863 -6.95898 8.2
    endloop
  endfacet
  facet normal 0.0654071 -0.997859 0
    outer loop
      vertex 162 -6.95 8.2
      vertex 161.863 -6.95898 3
      vertex 162 -6.95 3
    endloop
  endfacet
  facet normal -0.194719 -0.980859 0
    outer loop
      vertex 162.137 -6.95898 3
      vertex 162.272 -6.98578 8.2
      vertex 162.137 -6.95898 8.2
    endloop
  endfacet
  facet normal -0.194719 -0.980859 -0
    outer loop
      vertex 162.272 -6.98578 8.2
      vertex 162.137 -6.95898 3
      vertex 162.272 -6.98578 3
    endloop
  endfacet
  facet normal -0.442776 -0.896632 0
    outer loop
      vertex 162.402 -7.02993 3
      vertex 162.525 -7.09067 8.2
      vertex 162.402 -7.02993 8.2
    endloop
  endfacet
  facet normal -0.442776 -0.896632 -0
    outer loop
      vertex 162.525 -7.09067 8.2
      vertex 162.402 -7.02993 3
      vertex 162.525 -7.09067 3
    endloop
  endfacet
  facet normal 0.947261 -0.320463 0
    outer loop
      vertex 160.986 -7.72824 8.2
      vertex 161.03 -7.59818 3
      vertex 161.03 -7.59818 8.2
    endloop
  endfacet
  facet normal 0.947261 -0.320463 0
    outer loop
      vertex 161.03 -7.59818 3
      vertex 160.986 -7.72824 8.2
      vertex 160.986 -7.72824 3
    endloop
  endfacet
  facet normal 0.980499 -0.196522 0
    outer loop
      vertex 160.959 -7.86295 8.2
      vertex 160.986 -7.72824 3
      vertex 160.986 -7.72824 8.2
    endloop
  endfacet
  facet normal 0.980499 -0.196522 0
    outer loop
      vertex 160.986 -7.72824 3
      vertex 160.959 -7.86295 8.2
      vertex 160.959 -7.86295 3
    endloop
  endfacet
  facet normal 0.321576 -0.946884 0
    outer loop
      vertex 161.598 -7.02993 3
      vertex 161.728 -6.98578 8.2
      vertex 161.598 -7.02993 8.2
    endloop
  endfacet
  facet normal 0.321576 -0.946884 0
    outer loop
      vertex 161.728 -6.98578 8.2
      vertex 161.598 -7.02993 3
      vertex 161.728 -6.98578 3
    endloop
  endfacet
  facet normal 0.660299 -0.751003 0
    outer loop
      vertex 161.258 -7.25754 3
      vertex 161.361 -7.16698 8.2
      vertex 161.258 -7.25754 8.2
    endloop
  endfacet
  facet normal 0.660299 -0.751003 0
    outer loop
      vertex 161.361 -7.16698 8.2
      vertex 161.258 -7.25754 3
      vertex 161.361 -7.16698 3
    endloop
  endfacet
  facet normal 0.750241 -0.661165 0
    outer loop
      vertex 161.167 -7.3608 8.2
      vertex 161.258 -7.25754 3
      vertex 161.258 -7.25754 8.2
    endloop
  endfacet
  facet normal 0.750241 -0.661165 0
    outer loop
      vertex 161.258 -7.25754 3
      vertex 161.167 -7.3608 8.2
      vertex 161.167 -7.3608 3
    endloop
  endfacet
  facet normal -0.997851 -0.0655283 0
    outer loop
      vertex 163.05 -8 3
      vertex 163.041 -7.86295 8.2
      vertex 163.041 -7.86295 3
    endloop
  endfacet
  facet normal -0.997851 -0.0655283 0
    outer loop
      vertex 163.041 -7.86295 8.2
      vertex 163.05 -8 3
      vertex 163.05 -8 8.2
    endloop
  endfacet
  facet normal -0.980499 0.196522 0
    outer loop
      vertex 163.014 -8.27176 3
      vertex 163.041 -8.13705 8.2
      vertex 163.041 -8.13705 3
    endloop
  endfacet
  facet normal -0.980499 0.196522 0
    outer loop
      vertex 163.041 -8.13705 8.2
      vertex 163.014 -8.27176 3
      vertex 163.014 -8.27176 8.2
    endloop
  endfacet
  facet normal 0.997851 0.0655283 0
    outer loop
      vertex 160.959 -8.13705 8.2
      vertex 160.95 -8 3
      vertex 160.95 -8 8.2
    endloop
  endfacet
  facet normal 0.997851 0.0655283 0
    outer loop
      vertex 160.95 -8 3
      vertex 160.959 -8.13705 8.2
      vertex 160.959 -8.13705 3
    endloop
  endfacet
  facet normal -0.194719 0.980859 0
    outer loop
      vertex 162.272 -9.01422 3
      vertex 162.137 -9.04102 8.2
      vertex 162.272 -9.01422 8.2
    endloop
  endfacet
  facet normal -0.194719 0.980859 0
    outer loop
      vertex 162.137 -9.04102 8.2
      vertex 162.272 -9.01422 3
      vertex 162.137 -9.04102 3
    endloop
  endfacet
  facet normal -0.442776 0.896632 0
    outer loop
      vertex 162.525 -8.90933 3
      vertex 162.402 -8.97007 8.2
      vertex 162.525 -8.90933 8.2
    endloop
  endfacet
  facet normal -0.442776 0.896632 0
    outer loop
      vertex 162.402 -8.97007 8.2
      vertex 162.525 -8.90933 3
      vertex 162.402 -8.97007 3
    endloop
  endfacet
  facet normal -0.896138 -0.443776 0
    outer loop
      vertex 162.97 -7.59818 3
      vertex 162.909 -7.475 8.2
      vertex 162.909 -7.475 3
    endloop
  endfacet
  facet normal -0.896138 -0.443776 0
    outer loop
      vertex 162.909 -7.475 8.2
      vertex 162.97 -7.59818 3
      vertex 162.97 -7.59818 8.2
    endloop
  endfacet
  facet normal -0.947261 -0.320463 0
    outer loop
      vertex 163.014 -7.72824 3
      vertex 162.97 -7.59818 8.2
      vertex 162.97 -7.59818 3
    endloop
  endfacet
  facet normal -0.947261 -0.320463 0
    outer loop
      vertex 162.97 -7.59818 8.2
      vertex 163.014 -7.72824 3
      vertex 163.014 -7.72824 8.2
    endloop
  endfacet
  facet normal -0.980499 -0.196522 0
    outer loop
      vertex 163.041 -7.86295 3
      vertex 163.014 -7.72824 8.2
      vertex 163.014 -7.72824 3
    endloop
  endfacet
  facet normal -0.980499 -0.196522 0
    outer loop
      vertex 163.014 -7.72824 8.2
      vertex 163.041 -7.86295 3
      vertex 163.041 -7.86295 8.2
    endloop
  endfacet
  facet normal -0.750241 -0.661165 0
    outer loop
      vertex 162.833 -7.3608 3
      vertex 162.742 -7.25754 8.2
      vertex 162.742 -7.25754 3
    endloop
  endfacet
  facet normal -0.750241 -0.661165 0
    outer loop
      vertex 162.742 -7.25754 8.2
      vertex 162.833 -7.3608 3
      vertex 162.833 -7.3608 8.2
    endloop
  endfacet
  facet normal -0.0654071 -0.997859 0
    outer loop
      vertex 162 -6.95 3
      vertex 162.137 -6.95898 8.2
      vertex 162 -6.95 8.2
    endloop
  endfacet
  facet normal -0.0654071 -0.997859 -0
    outer loop
      vertex 162.137 -6.95898 8.2
      vertex 162 -6.95 3
      vertex 162.137 -6.95898 3
    endloop
  endfacet
  facet normal -0.832499 0.554027 0
    outer loop
      vertex 162.833 -8.6392 3
      vertex 162.909 -8.525 8.2
      vertex 162.909 -8.525 3
    endloop
  endfacet
  facet normal -0.832499 0.554027 0
    outer loop
      vertex 162.909 -8.525 8.2
      vertex 162.833 -8.6392 3
      vertex 162.833 -8.6392 8.2
    endloop
  endfacet
  facet normal -0.896138 0.443776 0
    outer loop
      vertex 162.909 -8.525 3
      vertex 162.97 -8.40182 8.2
      vertex 162.97 -8.40182 3
    endloop
  endfacet
  facet normal -0.896138 0.443776 0
    outer loop
      vertex 162.97 -8.40182 8.2
      vertex 162.909 -8.525 3
      vertex 162.909 -8.525 8.2
    endloop
  endfacet
  facet normal 0.194719 0.980859 -0
    outer loop
      vertex 161.863 -9.04102 3
      vertex 161.728 -9.01422 8.2
      vertex 161.863 -9.04102 8.2
    endloop
  endfacet
  facet normal 0.194719 0.980859 0
    outer loop
      vertex 161.728 -9.01422 8.2
      vertex 161.863 -9.04102 3
      vertex 161.728 -9.01422 3
    endloop
  endfacet
  facet normal 0.0654071 0.997859 -0
    outer loop
      vertex 162 -9.05 3
      vertex 161.863 -9.04102 8.2
      vertex 162 -9.05 8.2
    endloop
  endfacet
  facet normal 0.0654071 0.997859 0
    outer loop
      vertex 161.863 -9.04102 8.2
      vertex 162 -9.05 3
      vertex 161.863 -9.04102 3
    endloop
  endfacet
  facet normal 0.832499 0.554027 0
    outer loop
      vertex 161.167 -8.6392 8.2
      vertex 161.091 -8.525 3
      vertex 161.091 -8.525 8.2
    endloop
  endfacet
  facet normal 0.832499 0.554027 0
    outer loop
      vertex 161.091 -8.525 3
      vertex 161.167 -8.6392 8.2
      vertex 161.167 -8.6392 3
    endloop
  endfacet
  facet normal -0.321576 0.946884 0
    outer loop
      vertex 162.402 -8.97007 3
      vertex 162.272 -9.01422 8.2
      vertex 162.402 -8.97007 8.2
    endloop
  endfacet
  facet normal -0.321576 0.946884 0
    outer loop
      vertex 162.272 -9.01422 8.2
      vertex 162.402 -8.97007 3
      vertex 162.272 -9.01422 3
    endloop
  endfacet
  facet normal -0.660299 0.751003 0
    outer loop
      vertex 162.742 -8.74246 3
      vertex 162.639 -8.83302 8.2
      vertex 162.742 -8.74246 8.2
    endloop
  endfacet
  facet normal -0.660299 0.751003 0
    outer loop
      vertex 162.639 -8.83302 8.2
      vertex 162.742 -8.74246 3
      vertex 162.639 -8.83302 3
    endloop
  endfacet
  facet normal -0.556264 0.831006 0
    outer loop
      vertex 162.639 -8.83302 3
      vertex 162.525 -8.90933 8.2
      vertex 162.639 -8.83302 8.2
    endloop
  endfacet
  facet normal -0.556264 0.831006 0
    outer loop
      vertex 162.525 -8.90933 8.2
      vertex 162.639 -8.83302 3
      vertex 162.525 -8.90933 3
    endloop
  endfacet
  facet normal -0.947261 0.320463 0
    outer loop
      vertex 162.97 -8.40182 3
      vertex 163.014 -8.27176 8.2
      vertex 163.014 -8.27176 3
    endloop
  endfacet
  facet normal -0.947261 0.320463 0
    outer loop
      vertex 163.014 -8.27176 8.2
      vertex 162.97 -8.40182 3
      vertex 162.97 -8.40182 8.2
    endloop
  endfacet
  facet normal 0.556264 0.831006 -0
    outer loop
      vertex 161.475 -8.90933 3
      vertex 161.361 -8.83302 8.2
      vertex 161.475 -8.90933 8.2
    endloop
  endfacet
  facet normal 0.556264 0.831006 0
    outer loop
      vertex 161.361 -8.83302 8.2
      vertex 161.475 -8.90933 3
      vertex 161.361 -8.83302 3
    endloop
  endfacet
  facet normal 0.321576 0.946884 -0
    outer loop
      vertex 161.728 -9.01422 3
      vertex 161.598 -8.97007 8.2
      vertex 161.728 -9.01422 8.2
    endloop
  endfacet
  facet normal 0.321576 0.946884 0
    outer loop
      vertex 161.598 -8.97007 8.2
      vertex 161.728 -9.01422 3
      vertex 161.598 -8.97007 3
    endloop
  endfacet
  facet normal -0.0654071 0.997859 0
    outer loop
      vertex 162.137 -9.04102 3
      vertex 162 -9.05 8.2
      vertex 162.137 -9.04102 8.2
    endloop
  endfacet
  facet normal -0.0654071 0.997859 0
    outer loop
      vertex 162 -9.05 8.2
      vertex 162.137 -9.04102 3
      vertex 162 -9.05 3
    endloop
  endfacet
  facet normal 0.947261 0.320463 0
    outer loop
      vertex 161.03 -8.40182 8.2
      vertex 160.986 -8.27176 3
      vertex 160.986 -8.27176 8.2
    endloop
  endfacet
  facet normal 0.947261 0.320463 0
    outer loop
      vertex 160.986 -8.27176 3
      vertex 161.03 -8.40182 8.2
      vertex 161.03 -8.40182 3
    endloop
  endfacet
  facet normal 0 0 1
    outer loop
      vertex 163.041 -7.86295 3
      vertex 163.041 -8.13705 3
      vertex 163.05 -8 3
    endloop
  endfacet
  facet normal 0 0 1
    outer loop
      vertex 163.014 -7.72824 3
      vertex 163.041 -8.13705 3
      vertex 163.041 -7.86295 3
    endloop
  endfacet
  facet normal 0 0 1
    outer loop
      vertex 163.014 -7.72824 3
      vertex 163.014 -8.27176 3
      vertex 163.041 -8.13705 3
    endloop
  endfacet
  facet normal 0 0 1
    outer loop
      vertex 162.97 -7.59818 3
      vertex 163.014 -8.27176 3
      vertex 163.014 -7.72824 3
    endloop
  endfacet
  facet normal 0 0 1
    outer loop
      vertex 162.97 -7.59818 3
      vertex 162.97 -8.40182 3
      vertex 163.014 -8.27176 3
    endloop
  endfacet
  facet normal 0 0 1
    outer loop
      vertex 162.909 -7.475 3
      vertex 162.97 -8.40182 3
      vertex 162.97 -7.59818 3
    endloop
  endfacet
  facet normal 0 0 1
    outer loop
      vertex 162.909 -7.475 3
      vertex 162.909 -8.525 3
      vertex 162.97 -8.40182 3
    endloop
  endfacet
  facet normal 0 0 1
    outer loop
      vertex 162.833 -7.3608 3
      vertex 162.909 -8.525 3
      vertex 162.909 -7.475 3
    endloop
  endfacet
  facet normal 0 0 1
    outer loop
      vertex 162.833 -7.3608 3
      vertex 162.833 -8.6392 3
      vertex 162.909 -8.525 3
    endloop
  endfacet
  facet normal 0 0 1
    outer loop
      vertex 162.742 -7.25754 3
      vertex 162.833 -8.6392 3
      vertex 162.833 -7.3608 3
    endloop
  endfacet
  facet normal 0 0 1
    outer loop
      vertex 162.742 -7.25754 3
      vertex 162.742 -8.74246 3
      vertex 162.833 -8.6392 3
    endloop
  endfacet
  facet normal 0 0 1
    outer loop
      vertex 162.639 -7.16698 3
      vertex 162.742 -8.74246 3
      vertex 162.742 -7.25754 3
    endloop
  endfacet
  facet normal 0 0 1
    outer loop
      vertex 162.639 -7.16698 3
      vertex 162.639 -8.83302 3
      vertex 162.742 -8.74246 3
    endloop
  endfacet
  facet normal 0 0 1
    outer loop
      vertex 162.525 -7.09067 3
      vertex 162.639 -8.83302 3
      vertex 162.639 -7.16698 3
    endloop
  endfacet
  facet normal 0 0 1
    outer loop
      vertex 162.525 -7.09067 3
      vertex 162.525 -8.90933 3
      vertex 162.639 -8.83302 3
    endloop
  endfacet
  facet normal 0 0 1
    outer loop
      vertex 162.402 -7.02993 3
      vertex 162.525 -8.90933 3
      vertex 162.525 -7.09067 3
    endloop
  endfacet
  facet normal 0 0 1
    outer loop
      vertex 162.402 -7.02993 3
      vertex 162.402 -8.97007 3
      vertex 162.525 -8.90933 3
    endloop
  endfacet
  facet normal 0 0 1
    outer loop
      vertex 162.272 -6.98578 3
      vertex 162.402 -8.97007 3
      vertex 162.402 -7.02993 3
    endloop
  endfacet
  facet normal 0 0 1
    outer loop
      vertex 162.272 -6.98578 3
      vertex 162.272 -9.01422 3
      vertex 162.402 -8.97007 3
    endloop
  endfacet
  facet normal 0 0 1
    outer loop
      vertex 162.137 -6.95898 3
      vertex 162.272 -9.01422 3
      vertex 162.272 -6.98578 3
    endloop
  endfacet
  facet normal 0 0 1
    outer loop
      vertex 162.137 -6.95898 3
      vertex 162.137 -9.04102 3
      vertex 162.272 -9.01422 3
    endloop
  endfacet
  facet normal 0 0 1
    outer loop
      vertex 162 -6.95 3
      vertex 162.137 -9.04102 3
      vertex 162.137 -6.95898 3
    endloop
  endfacet
  facet normal 0 0 1
    outer loop
      vertex 162 -6.95 3
      vertex 162 -9.05 3
      vertex 162.137 -9.04102 3
    endloop
  endfacet
  facet normal -0 0 1
    outer loop
      vertex 161.863 -6.95898 3
      vertex 162 -9.05 3
      vertex 162 -6.95 3
    endloop
  endfacet
  facet normal 0 0 1
    outer loop
      vertex 161.863 -6.95898 3
      vertex 161.863 -9.04102 3
      vertex 162 -9.05 3
    endloop
  endfacet
  facet normal -0 0 1
    outer loop
      vertex 161.728 -6.98578 3
      vertex 161.863 -9.04102 3
      vertex 161.863 -6.95898 3
    endloop
  endfacet
  facet normal 0 0 1
    outer loop
      vertex 161.728 -6.98578 3
      vertex 161.728 -9.01422 3
      vertex 161.863 -9.04102 3
    endloop
  endfacet
  facet normal -0 0 1
    outer loop
      vertex 161.598 -7.02993 3
      vertex 161.728 -9.01422 3
      vertex 161.728 -6.98578 3
    endloop
  endfacet
  facet normal 0 0 1
    outer loop
      vertex 161.598 -7.02993 3
      vertex 161.598 -8.97007 3
      vertex 161.728 -9.01422 3
    endloop
  endfacet
  facet normal -0 0 1
    outer loop
      vertex 161.475 -7.09067 3
      vertex 161.598 -8.97007 3
      vertex 161.598 -7.02993 3
    endloop
  endfacet
  facet normal 0 0 1
    outer loop
      vertex 161.475 -7.09067 3
      vertex 161.475 -8.90933 3
      vertex 161.598 -8.97007 3
    endloop
  endfacet
  facet normal -0 0 1
    outer loop
      vertex 161.361 -7.16698 3
      vertex 161.475 -8.90933 3
      vertex 161.475 -7.09067 3
    endloop
  endfacet
  facet normal 0 0 1
    outer loop
      vertex 161.361 -7.16698 3
      vertex 161.361 -8.83302 3
      vertex 161.475 -8.90933 3
    endloop
  endfacet
  facet normal -0 0 1
    outer loop
      vertex 161.258 -7.25754 3
      vertex 161.361 -8.83302 3
      vertex 161.361 -7.16698 3
    endloop
  endfacet
  facet normal 0 0 1
    outer loop
      vertex 161.258 -7.25754 3
      vertex 161.258 -8.74246 3
      vertex 161.361 -8.83302 3
    endloop
  endfacet
  facet normal -0 0 1
    outer loop
      vertex 161.167 -7.3608 3
      vertex 161.258 -8.74246 3
      vertex 161.258 -7.25754 3
    endloop
  endfacet
  facet normal 0 0 1
    outer loop
      vertex 161.167 -7.3608 3
      vertex 161.167 -8.6392 3
      vertex 161.258 -8.74246 3
    endloop
  endfacet
  facet normal -0 0 1
    outer loop
      vertex 161.091 -7.475 3
      vertex 161.167 -8.6392 3
      vertex 161.167 -7.3608 3
    endloop
  endfacet
  facet normal 0 0 1
    outer loop
      vertex 161.091 -7.475 3
      vertex 161.091 -8.525 3
      vertex 161.167 -8.6392 3
    endloop
  endfacet
  facet normal -0 0 1
    outer loop
      vertex 161.03 -7.59818 3
      vertex 161.091 -8.525 3
      vertex 161.091 -7.475 3
    endloop
  endfacet
  facet normal 0 0 1
    outer loop
      vertex 161.03 -7.59818 3
      vertex 161.03 -8.40182 3
      vertex 161.091 -8.525 3
    endloop
  endfacet
  facet normal -0 0 1
    outer loop
      vertex 160.986 -7.72824 3
      vertex 161.03 -8.40182 3
      vertex 161.03 -7.59818 3
    endloop
  endfacet
  facet normal 0 0 1
    outer loop
      vertex 160.986 -7.72824 3
      vertex 160.986 -8.27176 3
      vertex 161.03 -8.40182 3
    endloop
  endfacet
  facet normal -0 0 1
    outer loop
      vertex 160.959 -7.86295 3
      vertex 160.986 -8.27176 3
      vertex 160.986 -7.72824 3
    endloop
  endfacet
  facet normal 0 0 1
    outer loop
      vertex 160.959 -7.86295 3
      vertex 160.959 -8.13705 3
      vertex 160.986 -8.27176 3
    endloop
  endfacet
  facet normal 0 -0 1
    outer loop
      vertex 160.959 -8.13705 3
      vertex 160.959 -7.86295 3
      vertex 160.95 -8 3
    endloop
  endfacet
  facet normal 0.980499 0.196522 0
    outer loop
      vertex 160.986 -8.27176 8.2
      vertex 160.959 -8.13705 3
      vertex 160.959 -8.13705 8.2
    endloop
  endfacet
  facet normal 0.980499 0.196522 0
    outer loop
      vertex 160.959 -8.13705 3
      vertex 160.986 -8.27176 8.2
      vertex 160.986 -8.27176 3
    endloop
  endfacet
  facet normal 0.896138 0.443776 0
    outer loop
      vertex 161.091 -8.525 8.2
      vertex 161.03 -8.40182 3
      vertex 161.03 -8.40182 8.2
    endloop
  endfacet
  facet normal 0.896138 0.443776 0
    outer loop
      vertex 161.03 -8.40182 3
      vertex 161.091 -8.525 8.2
      vertex 161.091 -8.525 3
    endloop
  endfacet
  facet normal 0.750241 0.661165 0
    outer loop
      vertex 161.258 -8.74246 8.2
      vertex 161.167 -8.6392 3
      vertex 161.167 -8.6392 8.2
    endloop
  endfacet
  facet normal 0.750241 0.661165 0
    outer loop
      vertex 161.167 -8.6392 3
      vertex 161.258 -8.74246 8.2
      vertex 161.258 -8.74246 3
    endloop
  endfacet
  facet normal 0.660299 0.751003 -0
    outer loop
      vertex 161.361 -8.83302 3
      vertex 161.258 -8.74246 8.2
      vertex 161.361 -8.83302 8.2
    endloop
  endfacet
  facet normal 0.660299 0.751003 0
    outer loop
      vertex 161.258 -8.74246 8.2
      vertex 161.361 -8.83302 3
      vertex 161.258 -8.74246 3
    endloop
  endfacet
  facet normal -0.750241 0.661165 0
    outer loop
      vertex 162.742 -8.74246 3
      vertex 162.833 -8.6392 8.2
      vertex 162.833 -8.6392 3
    endloop
  endfacet
  facet normal -0.750241 0.661165 0
    outer loop
      vertex 162.833 -8.6392 8.2
      vertex 162.742 -8.74246 3
      vertex 162.742 -8.74246 8.2
    endloop
  endfacet
  facet normal 0.442776 0.896632 -0
    outer loop
      vertex 161.598 -8.97007 3
      vertex 161.475 -8.90933 8.2
      vertex 161.598 -8.97007 8.2
    endloop
  endfacet
  facet normal 0.442776 0.896632 0
    outer loop
      vertex 161.475 -8.90933 8.2
      vertex 161.598 -8.97007 3
      vertex 161.475 -8.90933 3
    endloop
  endfacet
  facet normal -0.5547 -0.83205 0
    outer loop
      vertex 162.525 108.909 3
      vertex 162.639 108.833 8.2
      vertex 162.525 108.909 8.2
    endloop
  endfacet
  facet normal -0.5547 -0.83205 -0
    outer loop
      vertex 162.639 108.833 8.2
      vertex 162.525 108.909 3
      vertex 162.639 108.833 3
    endloop
  endfacet
  facet normal -0.980581 0.196116 0
    outer loop
      vertex 163.014 107.728 3
      vertex 163.041 107.863 8.2
      vertex 163.041 107.863 3
    endloop
  endfacet
  facet normal -0.980581 0.196116 0
    outer loop
      vertex 163.041 107.863 8.2
      vertex 163.014 107.728 3
      vertex 163.014 107.728 8.2
    endloop
  endfacet
  facet normal 0.196116 0.980581 -0
    outer loop
      vertex 161.863 106.959 3
      vertex 161.728 106.986 8.2
      vertex 161.863 106.959 8.2
    endloop
  endfacet
  facet normal 0.196116 0.980581 0
    outer loop
      vertex 161.728 106.986 8.2
      vertex 161.863 106.959 3
      vertex 161.728 106.986 3
    endloop
  endfacet
  facet normal 0.444298 -0.895879 0
    outer loop
      vertex 161.475 108.909 3
      vertex 161.598 108.97 8.2
      vertex 161.475 108.909 8.2
    endloop
  endfacet
  facet normal 0.444298 -0.895879 0
    outer loop
      vertex 161.598 108.97 8.2
      vertex 161.475 108.909 3
      vertex 161.598 108.97 3
    endloop
  endfacet
  facet normal 0.947216 -0.320596 0
    outer loop
      vertex 160.986 108.272 8.2
      vertex 161.03 108.402 3
      vertex 161.03 108.402 8.2
    endloop
  endfacet
  facet normal 0.947216 -0.320596 0
    outer loop
      vertex 161.03 108.402 3
      vertex 160.986 108.272 8.2
      vertex 160.986 108.272 3
    endloop
  endfacet
  facet normal -0.997849 0.0655521 0
    outer loop
      vertex 163.041 107.863 3
      vertex 163.05 108 8.2
      vertex 163.05 108 3
    endloop
  endfacet
  facet normal -0.997849 0.0655521 0
    outer loop
      vertex 163.05 108 8.2
      vertex 163.041 107.863 3
      vertex 163.041 107.863 8.2
    endloop
  endfacet
  facet normal -0.895879 -0.444298 0
    outer loop
      vertex 162.97 108.402 3
      vertex 162.909 108.525 8.2
      vertex 162.909 108.525 3
    endloop
  endfacet
  facet normal -0.895879 -0.444298 0
    outer loop
      vertex 162.909 108.525 8.2
      vertex 162.97 108.402 3
      vertex 162.97 108.402 8.2
    endloop
  endfacet
  facet normal -0.980581 -0.196116 0
    outer loop
      vertex 163.041 108.137 3
      vertex 163.014 108.272 8.2
      vertex 163.014 108.272 3
    endloop
  endfacet
  facet normal -0.980581 -0.196116 0
    outer loop
      vertex 163.014 108.272 8.2
      vertex 163.041 108.137 3
      vertex 163.041 108.137 8.2
    endloop
  endfacet
  facet normal -0.83205 -0.5547 0
    outer loop
      vertex 162.909 108.525 3
      vertex 162.833 108.639 8.2
      vertex 162.833 108.639 3
    endloop
  endfacet
  facet normal -0.83205 -0.5547 0
    outer loop
      vertex 162.833 108.639 8.2
      vertex 162.909 108.525 3
      vertex 162.909 108.525 8.2
    endloop
  endfacet
  facet normal -0.320596 -0.947216 0
    outer loop
      vertex 162.272 109.014 3
      vertex 162.402 108.97 8.2
      vertex 162.272 109.014 8.2
    endloop
  endfacet
  facet normal -0.320596 -0.947216 -0
    outer loop
      vertex 162.402 108.97 8.2
      vertex 162.272 109.014 3
      vertex 162.402 108.97 3
    endloop
  endfacet
  facet normal -0.0655521 -0.997849 0
    outer loop
      vertex 162 109.05 3
      vertex 162.137 109.041 8.2
      vertex 162 109.05 8.2
    endloop
  endfacet
  facet normal -0.0655521 -0.997849 -0
    outer loop
      vertex 162.137 109.041 8.2
      vertex 162 109.05 3
      vertex 162.137 109.041 3
    endloop
  endfacet
  facet normal 0 0 1
    outer loop
      vertex 163.041 108.137 3
      vertex 163.041 107.863 3
      vertex 163.05 108 3
    endloop
  endfacet
  facet normal 0 0 1
    outer loop
      vertex 163.014 108.272 3
      vertex 163.041 107.863 3
      vertex 163.041 108.137 3
    endloop
  endfacet
  facet normal 0 0 1
    outer loop
      vertex 163.014 108.272 3
      vertex 163.014 107.728 3
      vertex 163.041 107.863 3
    endloop
  endfacet
  facet normal 0 0 1
    outer loop
      vertex 162.97 108.402 3
      vertex 163.014 107.728 3
      vertex 163.014 108.272 3
    endloop
  endfacet
  facet normal 0 0 1
    outer loop
      vertex 162.97 108.402 3
      vertex 162.97 107.598 3
      vertex 163.014 107.728 3
    endloop
  endfacet
  facet normal 0 0 1
    outer loop
      vertex 162.909 108.525 3
      vertex 162.97 107.598 3
      vertex 162.97 108.402 3
    endloop
  endfacet
  facet normal 0 0 1
    outer loop
      vertex 162.909 108.525 3
      vertex 162.909 107.475 3
      vertex 162.97 107.598 3
    endloop
  endfacet
  facet normal 0 0 1
    outer loop
      vertex 162.833 108.639 3
      vertex 162.909 107.475 3
      vertex 162.909 108.525 3
    endloop
  endfacet
  facet normal 0 0 1
    outer loop
      vertex 162.833 108.639 3
      vertex 162.833 107.361 3
      vertex 162.909 107.475 3
    endloop
  endfacet
  facet normal 0 0 1
    outer loop
      vertex 162.742 108.742 3
      vertex 162.833 107.361 3
      vertex 162.833 108.639 3
    endloop
  endfacet
  facet normal 0 0 1
    outer loop
      vertex 162.742 108.742 3
      vertex 162.742 107.258 3
      vertex 162.833 107.361 3
    endloop
  endfacet
  facet normal 0 0 1
    outer loop
      vertex 162.639 108.833 3
      vertex 162.742 107.258 3
      vertex 162.742 108.742 3
    endloop
  endfacet
  facet normal 0 0 1
    outer loop
      vertex 162.639 108.833 3
      vertex 162.639 107.167 3
      vertex 162.742 107.258 3
    endloop
  endfacet
  facet normal 0 0 1
    outer loop
      vertex 162.525 108.909 3
      vertex 162.639 107.167 3
      vertex 162.639 108.833 3
    endloop
  endfacet
  facet normal 0 0 1
    outer loop
      vertex 162.525 108.909 3
      vertex 162.525 107.091 3
      vertex 162.639 107.167 3
    endloop
  endfacet
  facet normal 0 0 1
    outer loop
      vertex 162.402 108.97 3
      vertex 162.525 107.091 3
      vertex 162.525 108.909 3
    endloop
  endfacet
  facet normal 0 0 1
    outer loop
      vertex 162.402 108.97 3
      vertex 162.402 107.03 3
      vertex 162.525 107.091 3
    endloop
  endfacet
  facet normal 0 0 1
    outer loop
      vertex 162.272 109.014 3
      vertex 162.402 107.03 3
      vertex 162.402 108.97 3
    endloop
  endfacet
  facet normal 0 0 1
    outer loop
      vertex 162.272 109.014 3
      vertex 162.272 106.986 3
      vertex 162.402 107.03 3
    endloop
  endfacet
  facet normal 0 0 1
    outer loop
      vertex 162.137 109.041 3
      vertex 162.272 106.986 3
      vertex 162.272 109.014 3
    endloop
  endfacet
  facet normal 0 0 1
    outer loop
      vertex 162.137 109.041 3
      vertex 162.137 106.959 3
      vertex 162.272 106.986 3
    endloop
  endfacet
  facet normal 0 0 1
    outer loop
      vertex 162 109.05 3
      vertex 162.137 106.959 3
      vertex 162.137 109.041 3
    endloop
  endfacet
  facet normal 0 0 1
    outer loop
      vertex 162 109.05 3
      vertex 162 106.95 3
      vertex 162.137 106.959 3
    endloop
  endfacet
  facet normal -0 0 1
    outer loop
      vertex 161.863 109.041 3
      vertex 162 106.95 3
      vertex 162 109.05 3
    endloop
  endfacet
  facet normal 0 0 1
    outer loop
      vertex 161.863 109.041 3
      vertex 161.863 106.959 3
      vertex 162 106.95 3
    endloop
  endfacet
  facet normal -0 0 1
    outer loop
      vertex 161.728 109.014 3
      vertex 161.863 106.959 3
      vertex 161.863 109.041 3
    endloop
  endfacet
  facet normal 0 0 1
    outer loop
      vertex 161.728 109.014 3
      vertex 161.728 106.986 3
      vertex 161.863 106.959 3
    endloop
  endfacet
  facet normal -0 0 1
    outer loop
      vertex 161.598 108.97 3
      vertex 161.728 106.986 3
      vertex 161.728 109.014 3
    endloop
  endfacet
  facet normal 0 0 1
    outer loop
      vertex 161.598 108.97 3
      vertex 161.598 107.03 3
      vertex 161.728 106.986 3
    endloop
  endfacet
  facet normal -0 0 1
    outer loop
      vertex 161.475 108.909 3
      vertex 161.598 107.03 3
      vertex 161.598 108.97 3
    endloop
  endfacet
  facet normal 0 0 1
    outer loop
      vertex 161.475 108.909 3
      vertex 161.475 107.091 3
      vertex 161.598 107.03 3
    endloop
  endfacet
  facet normal -0 0 1
    outer loop
      vertex 161.361 108.833 3
      vertex 161.475 107.091 3
      vertex 161.475 108.909 3
    endloop
  endfacet
  facet normal 0 0 1
    outer loop
      vertex 161.361 108.833 3
      vertex 161.361 107.167 3
      vertex 161.475 107.091 3
    endloop
  endfacet
  facet normal -0 0 1
    outer loop
      vertex 161.258 108.742 3
      vertex 161.361 107.167 3
      vertex 161.361 108.833 3
    endloop
  endfacet
  facet normal 0 0 1
    outer loop
      vertex 161.258 108.742 3
      vertex 161.258 107.258 3
      vertex 161.361 107.167 3
    endloop
  endfacet
  facet normal -0 0 1
    outer loop
      vertex 161.167 108.639 3
      vertex 161.258 107.258 3
      vertex 161.258 108.742 3
    endloop
  endfacet
  facet normal 0 0 1
    outer loop
      vertex 161.167 108.639 3
      vertex 161.167 107.361 3
      vertex 161.258 107.258 3
    endloop
  endfacet
  facet normal -0 0 1
    outer loop
      vertex 161.091 108.525 3
      vertex 161.167 107.361 3
      vertex 161.167 108.639 3
    endloop
  endfacet
  facet normal 0 0 1
    outer loop
      vertex 161.091 108.525 3
      vertex 161.091 107.475 3
      vertex 161.167 107.361 3
    endloop
  endfacet
  facet normal -0 0 1
    outer loop
      vertex 161.03 108.402 3
      vertex 161.091 107.475 3
      vertex 161.091 108.525 3
    endloop
  endfacet
  facet normal 0 0 1
    outer loop
      vertex 161.03 108.402 3
      vertex 161.03 107.598 3
      vertex 161.091 107.475 3
    endloop
  endfacet
  facet normal -0 0 1
    outer loop
      vertex 160.986 108.272 3
      vertex 161.03 107.598 3
      vertex 161.03 108.402 3
    endloop
  endfacet
  facet normal 0 0 1
    outer loop
      vertex 160.986 108.272 3
      vertex 160.986 107.728 3
      vertex 161.03 107.598 3
    endloop
  endfacet
  facet normal -0 0 1
    outer loop
      vertex 160.959 108.137 3
      vertex 160.986 107.728 3
      vertex 160.986 108.272 3
    endloop
  endfacet
  facet normal 0 0 1
    outer loop
      vertex 160.959 108.137 3
      vertex 160.959 107.863 3
      vertex 160.986 107.728 3
    endloop
  endfacet
  facet normal 0 -0 1
    outer loop
      vertex 160.959 107.863 3
      vertex 160.959 108.137 3
      vertex 160.95 108 3
    endloop
  endfacet
  facet normal 0.997849 -0.0655521 0
    outer loop
      vertex 160.95 108 8.2
      vertex 160.959 108.137 3
      vertex 160.959 108.137 8.2
    endloop
  endfacet
  facet normal 0.997849 -0.0655521 0
    outer loop
      vertex 160.959 108.137 3
      vertex 160.95 108 8.2
      vertex 160.95 108 3
    endloop
  endfacet
  facet normal 0.83205 -0.5547 0
    outer loop
      vertex 161.091 108.525 8.2
      vertex 161.167 108.639 3
      vertex 161.167 108.639 8.2
    endloop
  endfacet
  facet normal 0.83205 -0.5547 0
    outer loop
      vertex 161.167 108.639 3
      vertex 161.091 108.525 8.2
      vertex 161.091 108.525 3
    endloop
  endfacet
  facet normal 0.5547 -0.83205 0
    outer loop
      vertex 161.361 108.833 3
      vertex 161.475 108.909 8.2
      vertex 161.361 108.833 8.2
    endloop
  endfacet
  facet normal 0.5547 -0.83205 0
    outer loop
      vertex 161.475 108.909 8.2
      vertex 161.361 108.833 3
      vertex 161.475 108.909 3
    endloop
  endfacet
  facet normal 0.196116 -0.980581 0
    outer loop
      vertex 161.728 109.014 3
      vertex 161.863 109.041 8.2
      vertex 161.728 109.014 8.2
    endloop
  endfacet
  facet normal 0.196116 -0.980581 0
    outer loop
      vertex 161.863 109.041 8.2
      vertex 161.728 109.014 3
      vertex 161.863 109.041 3
    endloop
  endfacet
  facet normal -0.196116 0.980581 0
    outer loop
      vertex 162.272 106.986 3
      vertex 162.137 106.959 8.2
      vertex 162.272 106.986 8.2
    endloop
  endfacet
  facet normal -0.196116 0.980581 0
    outer loop
      vertex 162.137 106.959 8.2
      vertex 162.272 106.986 3
      vertex 162.137 106.959 3
    endloop
  endfacet
  facet normal -0.947216 0.320596 0
    outer loop
      vertex 162.97 107.598 3
      vertex 163.014 107.728 8.2
      vertex 163.014 107.728 3
    endloop
  endfacet
  facet normal -0.947216 0.320596 0
    outer loop
      vertex 163.014 107.728 8.2
      vertex 162.97 107.598 3
      vertex 162.97 107.598 8.2
    endloop
  endfacet
  facet normal -0.5547 0.83205 0
    outer loop
      vertex 162.639 107.167 3
      vertex 162.525 107.091 8.2
      vertex 162.639 107.167 8.2
    endloop
  endfacet
  facet normal -0.5547 0.83205 0
    outer loop
      vertex 162.525 107.091 8.2
      vertex 162.639 107.167 3
      vertex 162.525 107.091 3
    endloop
  endfacet
  facet normal 0.0655521 0.997849 -0
    outer loop
      vertex 162 106.95 3
      vertex 161.863 106.959 8.2
      vertex 162 106.95 8.2
    endloop
  endfacet
  facet normal 0.0655521 0.997849 0
    outer loop
      vertex 161.863 106.959 8.2
      vertex 162 106.95 3
      vertex 161.863 106.959 3
    endloop
  endfacet
  facet normal 0.5547 0.83205 -0
    outer loop
      vertex 161.475 107.091 3
      vertex 161.361 107.167 8.2
      vertex 161.475 107.091 8.2
    endloop
  endfacet
  facet normal 0.5547 0.83205 0
    outer loop
      vertex 161.361 107.167 8.2
      vertex 161.475 107.091 3
      vertex 161.361 107.167 3
    endloop
  endfacet
  facet normal 0.83205 0.5547 0
    outer loop
      vertex 161.167 107.361 8.2
      vertex 161.091 107.475 3
      vertex 161.091 107.475 8.2
    endloop
  endfacet
  facet normal 0.83205 0.5547 0
    outer loop
      vertex 161.091 107.475 3
      vertex 161.167 107.361 8.2
      vertex 161.167 107.361 3
    endloop
  endfacet
  facet normal 0.980581 0.196116 0
    outer loop
      vertex 160.986 107.728 8.2
      vertex 160.959 107.863 3
      vertex 160.959 107.863 8.2
    endloop
  endfacet
  facet normal 0.980581 0.196116 0
    outer loop
      vertex 160.959 107.863 3
      vertex 160.986 107.728 8.2
      vertex 160.986 107.728 3
    endloop
  endfacet
  facet normal -0.947216 -0.320596 0
    outer loop
      vertex 163.014 108.272 3
      vertex 162.97 108.402 8.2
      vertex 162.97 108.402 3
    endloop
  endfacet
  facet normal -0.947216 -0.320596 0
    outer loop
      vertex 162.97 108.402 8.2
      vertex 163.014 108.272 3
      vertex 163.014 108.272 8.2
    endloop
  endfacet
  facet normal -0.749413 -0.662103 0
    outer loop
      vertex 162.833 108.639 3
      vertex 162.742 108.742 8.2
      vertex 162.742 108.742 3
    endloop
  endfacet
  facet normal -0.749413 -0.662103 0
    outer loop
      vertex 162.742 108.742 8.2
      vertex 162.833 108.639 3
      vertex 162.833 108.639 8.2
    endloop
  endfacet
  facet normal -0.662103 -0.749413 0
    outer loop
      vertex 162.639 108.833 3
      vertex 162.742 108.742 8.2
      vertex 162.639 108.833 8.2
    endloop
  endfacet
  facet normal -0.662103 -0.749413 -0
    outer loop
      vertex 162.742 108.742 8.2
      vertex 162.639 108.833 3
      vertex 162.742 108.742 3
    endloop
  endfacet
  facet normal 0.0655521 -0.997849 0
    outer loop
      vertex 161.863 109.041 3
      vertex 162 109.05 8.2
      vertex 161.863 109.041 8.2
    endloop
  endfacet
  facet normal 0.0655521 -0.997849 0
    outer loop
      vertex 162 109.05 8.2
      vertex 161.863 109.041 3
      vertex 162 109.05 3
    endloop
  endfacet
  facet normal -0.444298 -0.895879 0
    outer loop
      vertex 162.402 108.97 3
      vertex 162.525 108.909 8.2
      vertex 162.402 108.97 8.2
    endloop
  endfacet
  facet normal -0.444298 -0.895879 -0
    outer loop
      vertex 162.525 108.909 8.2
      vertex 162.402 108.97 3
      vertex 162.525 108.909 3
    endloop
  endfacet
  facet normal -0.196116 -0.980581 0
    outer loop
      vertex 162.137 109.041 3
      vertex 162.272 109.014 8.2
      vertex 162.137 109.041 8.2
    endloop
  endfacet
  facet normal -0.196116 -0.980581 -0
    outer loop
      vertex 162.272 109.014 8.2
      vertex 162.137 109.041 3
      vertex 162.272 109.014 3
    endloop
  endfacet
  facet normal 0.997849 0.0655521 0
    outer loop
      vertex 160.959 107.863 8.2
      vertex 160.95 108 3
      vertex 160.95 108 8.2
    endloop
  endfacet
  facet normal 0.997849 0.0655521 0
    outer loop
      vertex 160.95 108 3
      vertex 160.959 107.863 8.2
      vertex 160.959 107.863 3
    endloop
  endfacet
  facet normal 0.980581 -0.196116 0
    outer loop
      vertex 160.959 108.137 8.2
      vertex 160.986 108.272 3
      vertex 160.986 108.272 8.2
    endloop
  endfacet
  facet normal 0.980581 -0.196116 0
    outer loop
      vertex 160.986 108.272 3
      vertex 160.959 108.137 8.2
      vertex 160.959 108.137 3
    endloop
  endfacet
  facet normal 0.895879 -0.444298 0
    outer loop
      vertex 161.03 108.402 8.2
      vertex 161.091 108.525 3
      vertex 161.091 108.525 8.2
    endloop
  endfacet
  facet normal 0.895879 -0.444298 0
    outer loop
      vertex 161.091 108.525 3
      vertex 161.03 108.402 8.2
      vertex 161.03 108.402 3
    endloop
  endfacet
  facet normal 0.320596 -0.947216 0
    outer loop
      vertex 161.598 108.97 3
      vertex 161.728 109.014 8.2
      vertex 161.598 108.97 8.2
    endloop
  endfacet
  facet normal 0.320596 -0.947216 0
    outer loop
      vertex 161.728 109.014 8.2
      vertex 161.598 108.97 3
      vertex 161.728 109.014 3
    endloop
  endfacet
  facet normal 0.662103 -0.749413 0
    outer loop
      vertex 161.258 108.742 3
      vertex 161.361 108.833 8.2
      vertex 161.258 108.742 8.2
    endloop
  endfacet
  facet normal 0.662103 -0.749413 0
    outer loop
      vertex 161.361 108.833 8.2
      vertex 161.258 108.742 3
      vertex 161.361 108.833 3
    endloop
  endfacet
  facet normal 0.749413 -0.662103 0
    outer loop
      vertex 161.167 108.639 8.2
      vertex 161.258 108.742 3
      vertex 161.258 108.742 8.2
    endloop
  endfacet
  facet normal 0.749413 -0.662103 0
    outer loop
      vertex 161.258 108.742 3
      vertex 161.167 108.639 8.2
      vertex 161.167 108.639 3
    endloop
  endfacet
  facet normal -0.997849 -0.0655521 0
    outer loop
      vertex 163.05 108 3
      vertex 163.041 108.137 8.2
      vertex 163.041 108.137 3
    endloop
  endfacet
  facet normal -0.997849 -0.0655521 0
    outer loop
      vertex 163.041 108.137 8.2
      vertex 163.05 108 3
      vertex 163.05 108 8.2
    endloop
  endfacet
  facet normal -0.83205 0.5547 0
    outer loop
      vertex 162.833 107.361 3
      vertex 162.909 107.475 8.2
      vertex 162.909 107.475 3
    endloop
  endfacet
  facet normal -0.83205 0.5547 0
    outer loop
      vertex 162.909 107.475 8.2
      vertex 162.833 107.361 3
      vertex 162.833 107.361 8.2
    endloop
  endfacet
  facet normal -0.895879 0.444298 0
    outer loop
      vertex 162.909 107.475 3
      vertex 162.97 107.598 8.2
      vertex 162.97 107.598 3
    endloop
  endfacet
  facet normal -0.895879 0.444298 0
    outer loop
      vertex 162.97 107.598 8.2
      vertex 162.909 107.475 3
      vertex 162.909 107.475 8.2
    endloop
  endfacet
  facet normal -0.320596 0.947216 0
    outer loop
      vertex 162.402 107.03 3
      vertex 162.272 106.986 8.2
      vertex 162.402 107.03 8.2
    endloop
  endfacet
  facet normal -0.320596 0.947216 0
    outer loop
      vertex 162.272 106.986 8.2
      vertex 162.402 107.03 3
      vertex 162.272 106.986 3
    endloop
  endfacet
  facet normal -0.749413 0.662103 0
    outer loop
      vertex 162.742 107.258 3
      vertex 162.833 107.361 8.2
      vertex 162.833 107.361 3
    endloop
  endfacet
  facet normal -0.749413 0.662103 0
    outer loop
      vertex 162.833 107.361 8.2
      vertex 162.742 107.258 3
      vertex 162.742 107.258 8.2
    endloop
  endfacet
  facet normal -0.662103 0.749413 0
    outer loop
      vertex 162.742 107.258 3
      vertex 162.639 107.167 8.2
      vertex 162.742 107.258 8.2
    endloop
  endfacet
  facet normal -0.662103 0.749413 0
    outer loop
      vertex 162.639 107.167 8.2
      vertex 162.742 107.258 3
      vertex 162.639 107.167 3
    endloop
  endfacet
  facet normal -0.0655521 0.997849 0
    outer loop
      vertex 162.137 106.959 3
      vertex 162 106.95 8.2
      vertex 162.137 106.959 8.2
    endloop
  endfacet
  facet normal -0.0655521 0.997849 0
    outer loop
      vertex 162 106.95 8.2
      vertex 162.137 106.959 3
      vertex 162 106.95 3
    endloop
  endfacet
  facet normal 0.444298 0.895879 -0
    outer loop
      vertex 161.598 107.03 3
      vertex 161.475 107.091 8.2
      vertex 161.598 107.03 8.2
    endloop
  endfacet
  facet normal 0.444298 0.895879 0
    outer loop
      vertex 161.475 107.091 8.2
      vertex 161.598 107.03 3
      vertex 161.475 107.091 3
    endloop
  endfacet
  facet normal 0.947216 0.320596 0
    outer loop
      vertex 161.03 107.598 8.2
      vertex 160.986 107.728 3
      vertex 160.986 107.728 8.2
    endloop
  endfacet
  facet normal 0.947216 0.320596 0
    outer loop
      vertex 160.986 107.728 3
      vertex 161.03 107.598 8.2
      vertex 161.03 107.598 3
    endloop
  endfacet
  facet normal 0.749413 0.662103 0
    outer loop
      vertex 161.258 107.258 8.2
      vertex 161.167 107.361 3
      vertex 161.167 107.361 8.2
    endloop
  endfacet
  facet normal 0.749413 0.662103 0
    outer loop
      vertex 161.167 107.361 3
      vertex 161.258 107.258 8.2
      vertex 161.258 107.258 3
    endloop
  endfacet
  facet normal 0.662103 0.749413 -0
    outer loop
      vertex 161.361 107.167 3
      vertex 161.258 107.258 8.2
      vertex 161.361 107.167 8.2
    endloop
  endfacet
  facet normal 0.662103 0.749413 0
    outer loop
      vertex 161.258 107.258 8.2
      vertex 161.361 107.167 3
      vertex 161.258 107.258 3
    endloop
  endfacet
  facet normal -0.444298 0.895879 0
    outer loop
      vertex 162.525 107.091 3
      vertex 162.402 107.03 8.2
      vertex 162.525 107.091 8.2
    endloop
  endfacet
  facet normal -0.444298 0.895879 0
    outer loop
      vertex 162.402 107.03 8.2
      vertex 162.525 107.091 3
      vertex 162.402 107.03 3
    endloop
  endfacet
  facet normal 0.320596 0.947216 -0
    outer loop
      vertex 161.728 106.986 3
      vertex 161.598 107.03 8.2
      vertex 161.728 106.986 8.2
    endloop
  endfacet
  facet normal 0.320596 0.947216 0
    outer loop
      vertex 161.598 107.03 8.2
      vertex 161.728 106.986 3
      vertex 161.598 107.03 3
    endloop
  endfacet
  facet normal 0.895879 0.444298 0
    outer loop
      vertex 161.091 107.475 8.2
      vertex 161.03 107.598 3
      vertex 161.03 107.598 8.2
    endloop
  endfacet
  facet normal 0.895879 0.444298 0
    outer loop
      vertex 161.03 107.598 3
      vertex 161.091 107.475 8.2
      vertex 161.091 107.475 3
    endloop
  endfacet
  facet normal -0.831456 -0.55559 0
    outer loop
      vertex 5.90933 -7.475 3
      vertex 5.83302 -7.3608 8.2
      vertex 5.83302 -7.3608 3
    endloop
  endfacet
  facet normal -0.831456 -0.55559 0
    outer loop
      vertex 5.83302 -7.3608 8.2
      vertex 5.90933 -7.475 3
      vertex 5.90933 -7.475 8.2
    endloop
  endfacet
  facet normal -0.195122 -0.980779 0
    outer loop
      vertex 5.13705 -6.95898 3
      vertex 5.27176 -6.98578 8.2
      vertex 5.13705 -6.95898 8.2
    endloop
  endfacet
  facet normal -0.195122 -0.980779 -0
    outer loop
      vertex 5.27176 -6.98578 8.2
      vertex 5.13705 -6.95898 3
      vertex 5.27176 -6.98578 3
    endloop
  endfacet
  facet normal -0.321443 -0.946929 0
    outer loop
      vertex 5.27176 -6.98578 3
      vertex 5.40182 -7.02993 8.2
      vertex 5.27176 -6.98578 8.2
    endloop
  endfacet
  facet normal -0.321443 -0.946929 -0
    outer loop
      vertex 5.40182 -7.02993 8.2
      vertex 5.27176 -6.98578 3
      vertex 5.40182 -7.02993 3
    endloop
  endfacet
  facet normal 0.442256 -0.896889 0
    outer loop
      vertex 4.475 -7.09067 3
      vertex 4.59818 -7.02993 8.2
      vertex 4.475 -7.09067 8.2
    endloop
  endfacet
  facet normal 0.442256 -0.896889 0
    outer loop
      vertex 4.59818 -7.02993 8.2
      vertex 4.475 -7.09067 3
      vertex 4.59818 -7.02993 3
    endloop
  endfacet
  facet normal 0.896889 -0.442256 0
    outer loop
      vertex 4.02993 -7.59818 8.2
      vertex 4.09067 -7.475 3
      vertex 4.09067 -7.475 8.2
    endloop
  endfacet
  facet normal 0.896889 -0.442256 0
    outer loop
      vertex 4.09067 -7.475 3
      vertex 4.02993 -7.59818 8.2
      vertex 4.02993 -7.59818 3
    endloop
  endfacet
  facet normal -0.442256 0.896889 0
    outer loop
      vertex 5.525 -8.90933 3
      vertex 5.40182 -8.97007 8.2
      vertex 5.525 -8.90933 8.2
    endloop
  endfacet
  facet normal -0.442256 0.896889 0
    outer loop
      vertex 5.40182 -8.97007 8.2
      vertex 5.525 -8.90933 3
      vertex 5.40182 -8.97007 3
    endloop
  endfacet
  facet normal -0.980779 -0.195122 0
    outer loop
      vertex 6.04102 -7.86295 3
      vertex 6.01422 -7.72824 8.2
      vertex 6.01422 -7.72824 3
    endloop
  endfacet
  facet normal -0.980779 -0.195122 0
    outer loop
      vertex 6.01422 -7.72824 8.2
      vertex 6.04102 -7.86295 3
      vertex 6.04102 -7.86295 8.2
    endloop
  endfacet
  facet normal -0.0653833 -0.99786 0
    outer loop
      vertex 5 -6.95 3
      vertex 5.13705 -6.95898 8.2
      vertex 5 -6.95 8.2
    endloop
  endfacet
  facet normal -0.0653833 -0.99786 -0
    outer loop
      vertex 5.13705 -6.95898 8.2
      vertex 5 -6.95 3
      vertex 5.13705 -6.95898 3
    endloop
  endfacet
  facet normal -0.55559 -0.831456 0
    outer loop
      vertex 5.525 -7.09067 3
      vertex 5.6392 -7.16698 8.2
      vertex 5.525 -7.09067 8.2
    endloop
  endfacet
  facet normal -0.55559 -0.831456 -0
    outer loop
      vertex 5.6392 -7.16698 8.2
      vertex 5.525 -7.09067 3
      vertex 5.6392 -7.16698 3
    endloop
  endfacet
  facet normal 0.99786 -0.0653833 0
    outer loop
      vertex 3.95 -8 8.2
      vertex 3.95898 -7.86295 3
      vertex 3.95898 -7.86295 8.2
    endloop
  endfacet
  facet normal 0.99786 -0.0653833 0
    outer loop
      vertex 3.95898 -7.86295 3
      vertex 3.95 -8 8.2
      vertex 3.95 -8 3
    endloop
  endfacet
  facet normal 0.980779 -0.195122 0
    outer loop
      vertex 3.95898 -7.86295 8.2
      vertex 3.98578 -7.72824 3
      vertex 3.98578 -7.72824 8.2
    endloop
  endfacet
  facet normal 0.980779 -0.195122 0
    outer loop
      vertex 3.98578 -7.72824 3
      vertex 3.95898 -7.86295 8.2
      vertex 3.95898 -7.86295 3
    endloop
  endfacet
  facet normal 0.831456 -0.55559 0
    outer loop
      vertex 4.09067 -7.475 8.2
      vertex 4.16698 -7.3608 3
      vertex 4.16698 -7.3608 8.2
    endloop
  endfacet
  facet normal 0.831456 -0.55559 0
    outer loop
      vertex 4.16698 -7.3608 3
      vertex 4.09067 -7.475 8.2
      vertex 4.09067 -7.475 3
    endloop
  endfacet
  facet normal 0.55559 -0.831456 0
    outer loop
      vertex 4.3608 -7.16698 3
      vertex 4.475 -7.09067 8.2
      vertex 4.3608 -7.16698 8.2
    endloop
  endfacet
  facet normal 0.55559 -0.831456 0
    outer loop
      vertex 4.475 -7.09067 8.2
      vertex 4.3608 -7.16698 3
      vertex 4.475 -7.09067 3
    endloop
  endfacet
  facet normal 0.195122 -0.980779 0
    outer loop
      vertex 4.72824 -6.98578 3
      vertex 4.86295 -6.95898 8.2
      vertex 4.72824 -6.98578 8.2
    endloop
  endfacet
  facet normal 0.195122 -0.980779 0
    outer loop
      vertex 4.86295 -6.95898 8.2
      vertex 4.72824 -6.98578 3
      vertex 4.86295 -6.95898 3
    endloop
  endfacet
  facet normal 0.65936 -0.751827 0
    outer loop
      vertex 4.25754 -7.25754 3
      vertex 4.3608 -7.16698 8.2
      vertex 4.25754 -7.25754 8.2
    endloop
  endfacet
  facet normal 0.65936 -0.751827 0
    outer loop
      vertex 4.3608 -7.16698 8.2
      vertex 4.25754 -7.25754 3
      vertex 4.3608 -7.16698 3
    endloop
  endfacet
  facet normal 0.195122 0.980779 -0
    outer loop
      vertex 4.86295 -9.04102 3
      vertex 4.72824 -9.01422 8.2
      vertex 4.86295 -9.04102 8.2
    endloop
  endfacet
  facet normal 0.195122 0.980779 0
    outer loop
      vertex 4.72824 -9.01422 8.2
      vertex 4.86295 -9.04102 3
      vertex 4.72824 -9.01422 3
    endloop
  endfacet
  facet normal -0.321443 0.946929 0
    outer loop
      vertex 5.40182 -8.97007 3
      vertex 5.27176 -9.01422 8.2
      vertex 5.40182 -8.97007 8.2
    endloop
  endfacet
  facet normal -0.321443 0.946929 0
    outer loop
      vertex 5.27176 -9.01422 8.2
      vertex 5.40182 -8.97007 3
      vertex 5.27176 -9.01422 3
    endloop
  endfacet
  facet normal -0.55559 0.831456 0
    outer loop
      vertex 5.6392 -8.83302 3
      vertex 5.525 -8.90933 8.2
      vertex 5.6392 -8.83302 8.2
    endloop
  endfacet
  facet normal -0.55559 0.831456 0
    outer loop
      vertex 5.525 -8.90933 8.2
      vertex 5.6392 -8.83302 3
      vertex 5.525 -8.90933 3
    endloop
  endfacet
  facet normal -0.65936 -0.751827 0
    outer loop
      vertex 5.6392 -7.16698 3
      vertex 5.74246 -7.25754 8.2
      vertex 5.6392 -7.16698 8.2
    endloop
  endfacet
  facet normal -0.65936 -0.751827 -0
    outer loop
      vertex 5.74246 -7.25754 8.2
      vertex 5.6392 -7.16698 3
      vertex 5.74246 -7.25754 3
    endloop
  endfacet
  facet normal -0.751827 -0.65936 0
    outer loop
      vertex 5.83302 -7.3608 3
      vertex 5.74246 -7.25754 8.2
      vertex 5.74246 -7.25754 3
    endloop
  endfacet
  facet normal -0.751827 -0.65936 0
    outer loop
      vertex 5.74246 -7.25754 8.2
      vertex 5.83302 -7.3608 3
      vertex 5.83302 -7.3608 8.2
    endloop
  endfacet
  facet normal 0.0653833 -0.99786 0
    outer loop
      vertex 4.86295 -6.95898 3
      vertex 5 -6.95 8.2
      vertex 4.86295 -6.95898 8.2
    endloop
  endfacet
  facet normal 0.0653833 -0.99786 0
    outer loop
      vertex 5 -6.95 8.2
      vertex 4.86295 -6.95898 3
      vertex 5 -6.95 3
    endloop
  endfacet
  facet normal -0.442256 -0.896889 0
    outer loop
      vertex 5.40182 -7.02993 3
      vertex 5.525 -7.09067 8.2
      vertex 5.40182 -7.02993 8.2
    endloop
  endfacet
  facet normal -0.442256 -0.896889 -0
    outer loop
      vertex 5.525 -7.09067 8.2
      vertex 5.40182 -7.02993 3
      vertex 5.525 -7.09067 3
    endloop
  endfacet
  facet normal 0.946929 -0.321443 0
    outer loop
      vertex 3.98578 -7.72824 8.2
      vertex 4.02993 -7.59818 3
      vertex 4.02993 -7.59818 8.2
    endloop
  endfacet
  facet normal 0.946929 -0.321443 0
    outer loop
      vertex 4.02993 -7.59818 3
      vertex 3.98578 -7.72824 8.2
      vertex 3.98578 -7.72824 3
    endloop
  endfacet
  facet normal 0.751827 -0.65936 0
    outer loop
      vertex 4.16698 -7.3608 8.2
      vertex 4.25754 -7.25754 3
      vertex 4.25754 -7.25754 8.2
    endloop
  endfacet
  facet normal 0.751827 -0.65936 0
    outer loop
      vertex 4.25754 -7.25754 3
      vertex 4.16698 -7.3608 8.2
      vertex 4.16698 -7.3608 3
    endloop
  endfacet
  facet normal -0.99786 -0.0653833 0
    outer loop
      vertex 6.05 -8 3
      vertex 6.04102 -7.86295 8.2
      vertex 6.04102 -7.86295 3
    endloop
  endfacet
  facet normal -0.99786 -0.0653833 0
    outer loop
      vertex 6.04102 -7.86295 8.2
      vertex 6.05 -8 3
      vertex 6.05 -8 8.2
    endloop
  endfacet
  facet normal -0.99786 0.0653833 0
    outer loop
      vertex 6.04102 -8.13705 3
      vertex 6.05 -8 8.2
      vertex 6.05 -8 3
    endloop
  endfacet
  facet normal -0.99786 0.0653833 0
    outer loop
      vertex 6.05 -8 8.2
      vertex 6.04102 -8.13705 3
      vertex 6.04102 -8.13705 8.2
    endloop
  endfacet
  facet normal 0.99786 0.0653833 0
    outer loop
      vertex 3.95898 -8.13705 8.2
      vertex 3.95 -8 3
      vertex 3.95 -8 8.2
    endloop
  endfacet
  facet normal 0.99786 0.0653833 0
    outer loop
      vertex 3.95 -8 3
      vertex 3.95898 -8.13705 8.2
      vertex 3.95898 -8.13705 3
    endloop
  endfacet
  facet normal 0.831456 0.55559 0
    outer loop
      vertex 4.16698 -8.6392 8.2
      vertex 4.09067 -8.525 3
      vertex 4.09067 -8.525 8.2
    endloop
  endfacet
  facet normal 0.831456 0.55559 0
    outer loop
      vertex 4.09067 -8.525 3
      vertex 4.16698 -8.6392 8.2
      vertex 4.16698 -8.6392 3
    endloop
  endfacet
  facet normal -0.195122 0.980779 0
    outer loop
      vertex 5.27176 -9.01422 3
      vertex 5.13705 -9.04102 8.2
      vertex 5.27176 -9.01422 8.2
    endloop
  endfacet
  facet normal -0.195122 0.980779 0
    outer loop
      vertex 5.13705 -9.04102 8.2
      vertex 5.27176 -9.01422 3
      vertex 5.13705 -9.04102 3
    endloop
  endfacet
  facet normal -0.896889 -0.442256 0
    outer loop
      vertex 5.97007 -7.59818 3
      vertex 5.90933 -7.475 8.2
      vertex 5.90933 -7.475 3
    endloop
  endfacet
  facet normal -0.896889 -0.442256 0
    outer loop
      vertex 5.90933 -7.475 8.2
      vertex 5.97007 -7.59818 3
      vertex 5.97007 -7.59818 8.2
    endloop
  endfacet
  facet normal -0.946929 -0.321443 0
    outer loop
      vertex 6.01422 -7.72824 3
      vertex 5.97007 -7.59818 8.2
      vertex 5.97007 -7.59818 3
    endloop
  endfacet
  facet normal -0.946929 -0.321443 0
    outer loop
      vertex 5.97007 -7.59818 8.2
      vertex 6.01422 -7.72824 3
      vertex 6.01422 -7.72824 8.2
    endloop
  endfacet
  facet normal 0.321443 -0.946929 0
    outer loop
      vertex 4.59818 -7.02993 3
      vertex 4.72824 -6.98578 8.2
      vertex 4.59818 -7.02993 8.2
    endloop
  endfacet
  facet normal 0.321443 -0.946929 0
    outer loop
      vertex 4.72824 -6.98578 8.2
      vertex 4.59818 -7.02993 3
      vertex 4.72824 -6.98578 3
    endloop
  endfacet
  facet normal -0.980779 0.195122 0
    outer loop
      vertex 6.01422 -8.27176 3
      vertex 6.04102 -8.13705 8.2
      vertex 6.04102 -8.13705 3
    endloop
  endfacet
  facet normal -0.980779 0.195122 0
    outer loop
      vertex 6.04102 -8.13705 8.2
      vertex 6.01422 -8.27176 3
      vertex 6.01422 -8.27176 8.2
    endloop
  endfacet
  facet normal -0.65936 0.751827 0
    outer loop
      vertex 5.74246 -8.74246 3
      vertex 5.6392 -8.83302 8.2
      vertex 5.74246 -8.74246 8.2
    endloop
  endfacet
  facet normal -0.65936 0.751827 0
    outer loop
      vertex 5.6392 -8.83302 8.2
      vertex 5.74246 -8.74246 3
      vertex 5.6392 -8.83302 3
    endloop
  endfacet
  facet normal -0.831456 0.55559 0
    outer loop
      vertex 5.83302 -8.6392 3
      vertex 5.90933 -8.525 8.2
      vertex 5.90933 -8.525 3
    endloop
  endfacet
  facet normal -0.831456 0.55559 0
    outer loop
      vertex 5.90933 -8.525 8.2
      vertex 5.83302 -8.6392 3
      vertex 5.83302 -8.6392 8.2
    endloop
  endfacet
  facet normal -0.896889 0.442256 0
    outer loop
      vertex 5.90933 -8.525 3
      vertex 5.97007 -8.40182 8.2
      vertex 5.97007 -8.40182 3
    endloop
  endfacet
  facet normal -0.896889 0.442256 0
    outer loop
      vertex 5.97007 -8.40182 8.2
      vertex 5.90933 -8.525 3
      vertex 5.90933 -8.525 8.2
    endloop
  endfacet
  facet normal 0.0653833 0.99786 -0
    outer loop
      vertex 5 -9.05 3
      vertex 4.86295 -9.04102 8.2
      vertex 5 -9.05 8.2
    endloop
  endfacet
  facet normal 0.0653833 0.99786 0
    outer loop
      vertex 4.86295 -9.04102 8.2
      vertex 5 -9.05 3
      vertex 4.86295 -9.04102 3
    endloop
  endfacet
  facet normal 0.896889 0.442256 0
    outer loop
      vertex 4.09067 -8.525 8.2
      vertex 4.02993 -8.40182 3
      vertex 4.02993 -8.40182 8.2
    endloop
  endfacet
  facet normal 0.896889 0.442256 0
    outer loop
      vertex 4.02993 -8.40182 3
      vertex 4.09067 -8.525 8.2
      vertex 4.09067 -8.525 3
    endloop
  endfacet
  facet normal 0.751827 0.65936 0
    outer loop
      vertex 4.25754 -8.74246 8.2
      vertex 4.16698 -8.6392 3
      vertex 4.16698 -8.6392 8.2
    endloop
  endfacet
  facet normal 0.751827 0.65936 0
    outer loop
      vertex 4.16698 -8.6392 3
      vertex 4.25754 -8.74246 8.2
      vertex 4.25754 -8.74246 3
    endloop
  endfacet
  facet normal -0.946929 0.321443 0
    outer loop
      vertex 5.97007 -8.40182 3
      vertex 6.01422 -8.27176 8.2
      vertex 6.01422 -8.27176 3
    endloop
  endfacet
  facet normal -0.946929 0.321443 0
    outer loop
      vertex 6.01422 -8.27176 8.2
      vertex 5.97007 -8.40182 3
      vertex 5.97007 -8.40182 8.2
    endloop
  endfacet
  facet normal 0.55559 0.831456 -0
    outer loop
      vertex 4.475 -8.90933 3
      vertex 4.3608 -8.83302 8.2
      vertex 4.475 -8.90933 8.2
    endloop
  endfacet
  facet normal 0.55559 0.831456 0
    outer loop
      vertex 4.3608 -8.83302 8.2
      vertex 4.475 -8.90933 3
      vertex 4.3608 -8.83302 3
    endloop
  endfacet
  facet normal -0.0653833 0.99786 0
    outer loop
      vertex 5.13705 -9.04102 3
      vertex 5 -9.05 8.2
      vertex 5.13705 -9.04102 8.2
    endloop
  endfacet
  facet normal -0.0653833 0.99786 0
    outer loop
      vertex 5 -9.05 8.2
      vertex 5.13705 -9.04102 3
      vertex 5 -9.05 3
    endloop
  endfacet
  facet normal 0 0 1
    outer loop
      vertex 6.04102 -7.86295 3
      vertex 6.04102 -8.13705 3
      vertex 6.05 -8 3
    endloop
  endfacet
  facet normal 0 0 1
    outer loop
      vertex 6.01422 -7.72824 3
      vertex 6.04102 -8.13705 3
      vertex 6.04102 -7.86295 3
    endloop
  endfacet
  facet normal 0 0 1
    outer loop
      vertex 6.01422 -7.72824 3
      vertex 6.01422 -8.27176 3
      vertex 6.04102 -8.13705 3
    endloop
  endfacet
  facet normal 0 0 1
    outer loop
      vertex 5.97007 -7.59818 3
      vertex 6.01422 -8.27176 3
      vertex 6.01422 -7.72824 3
    endloop
  endfacet
  facet normal 0 0 1
    outer loop
      vertex 5.97007 -7.59818 3
      vertex 5.97007 -8.40182 3
      vertex 6.01422 -8.27176 3
    endloop
  endfacet
  facet normal 0 0 1
    outer loop
      vertex 5.90933 -7.475 3
      vertex 5.97007 -8.40182 3
      vertex 5.97007 -7.59818 3
    endloop
  endfacet
  facet normal 0 0 1
    outer loop
      vertex 5.90933 -7.475 3
      vertex 5.90933 -8.525 3
      vertex 5.97007 -8.40182 3
    endloop
  endfacet
  facet normal 0 0 1
    outer loop
      vertex 5.83302 -7.3608 3
      vertex 5.90933 -8.525 3
      vertex 5.90933 -7.475 3
    endloop
  endfacet
  facet normal 0 0 1
    outer loop
      vertex 5.83302 -7.3608 3
      vertex 5.83302 -8.6392 3
      vertex 5.90933 -8.525 3
    endloop
  endfacet
  facet normal 0 0 1
    outer loop
      vertex 5.74246 -7.25754 3
      vertex 5.83302 -8.6392 3
      vertex 5.83302 -7.3608 3
    endloop
  endfacet
  facet normal 0 0 1
    outer loop
      vertex 5.74246 -7.25754 3
      vertex 5.74246 -8.74246 3
      vertex 5.83302 -8.6392 3
    endloop
  endfacet
  facet normal 0 0 1
    outer loop
      vertex 5.6392 -7.16698 3
      vertex 5.74246 -8.74246 3
      vertex 5.74246 -7.25754 3
    endloop
  endfacet
  facet normal 0 0 1
    outer loop
      vertex 5.6392 -7.16698 3
      vertex 5.6392 -8.83302 3
      vertex 5.74246 -8.74246 3
    endloop
  endfacet
  facet normal 0 0 1
    outer loop
      vertex 5.525 -7.09067 3
      vertex 5.6392 -8.83302 3
      vertex 5.6392 -7.16698 3
    endloop
  endfacet
  facet normal 0 0 1
    outer loop
      vertex 5.525 -7.09067 3
      vertex 5.525 -8.90933 3
      vertex 5.6392 -8.83302 3
    endloop
  endfacet
  facet normal 0 0 1
    outer loop
      vertex 5.40182 -7.02993 3
      vertex 5.525 -8.90933 3
      vertex 5.525 -7.09067 3
    endloop
  endfacet
  facet normal 0 0 1
    outer loop
      vertex 5.40182 -7.02993 3
      vertex 5.40182 -8.97007 3
      vertex 5.525 -8.90933 3
    endloop
  endfacet
  facet normal 0 0 1
    outer loop
      vertex 5.27176 -6.98578 3
      vertex 5.40182 -8.97007 3
      vertex 5.40182 -7.02993 3
    endloop
  endfacet
  facet normal 0 0 1
    outer loop
      vertex 5.27176 -6.98578 3
      vertex 5.27176 -9.01422 3
      vertex 5.40182 -8.97007 3
    endloop
  endfacet
  facet normal 0 0 1
    outer loop
      vertex 5.13705 -6.95898 3
      vertex 5.27176 -9.01422 3
      vertex 5.27176 -6.98578 3
    endloop
  endfacet
  facet normal 0 0 1
    outer loop
      vertex 5.13705 -6.95898 3
      vertex 5.13705 -9.04102 3
      vertex 5.27176 -9.01422 3
    endloop
  endfacet
  facet normal 0 0 1
    outer loop
      vertex 5 -6.95 3
      vertex 5.13705 -9.04102 3
      vertex 5.13705 -6.95898 3
    endloop
  endfacet
  facet normal 0 0 1
    outer loop
      vertex 5 -6.95 3
      vertex 5 -9.05 3
      vertex 5.13705 -9.04102 3
    endloop
  endfacet
  facet normal -0 0 1
    outer loop
      vertex 4.86295 -6.95898 3
      vertex 5 -9.05 3
      vertex 5 -6.95 3
    endloop
  endfacet
  facet normal 0 0 1
    outer loop
      vertex 4.86295 -6.95898 3
      vertex 4.86295 -9.04102 3
      vertex 5 -9.05 3
    endloop
  endfacet
  facet normal -0 0 1
    outer loop
      vertex 4.72824 -6.98578 3
      vertex 4.86295 -9.04102 3
      vertex 4.86295 -6.95898 3
    endloop
  endfacet
  facet normal 0 0 1
    outer loop
      vertex 4.72824 -6.98578 3
      vertex 4.72824 -9.01422 3
      vertex 4.86295 -9.04102 3
    endloop
  endfacet
  facet normal -0 0 1
    outer loop
      vertex 4.59818 -7.02993 3
      vertex 4.72824 -9.01422 3
      vertex 4.72824 -6.98578 3
    endloop
  endfacet
  facet normal 0 0 1
    outer loop
      vertex 4.59818 -7.02993 3
      vertex 4.59818 -8.97007 3
      vertex 4.72824 -9.01422 3
    endloop
  endfacet
  facet normal -0 0 1
    outer loop
      vertex 4.475 -7.09067 3
      vertex 4.59818 -8.97007 3
      vertex 4.59818 -7.02993 3
    endloop
  endfacet
  facet normal 0 0 1
    outer loop
      vertex 4.475 -7.09067 3
      vertex 4.475 -8.90933 3
      vertex 4.59818 -8.97007 3
    endloop
  endfacet
  facet normal -0 0 1
    outer loop
      vertex 4.3608 -7.16698 3
      vertex 4.475 -8.90933 3
      vertex 4.475 -7.09067 3
    endloop
  endfacet
  facet normal 0 0 1
    outer loop
      vertex 4.3608 -7.16698 3
      vertex 4.3608 -8.83302 3
      vertex 4.475 -8.90933 3
    endloop
  endfacet
  facet normal -0 0 1
    outer loop
      vertex 4.25754 -7.25754 3
      vertex 4.3608 -8.83302 3
      vertex 4.3608 -7.16698 3
    endloop
  endfacet
  facet normal 0 0 1
    outer loop
      vertex 4.25754 -7.25754 3
      vertex 4.25754 -8.74246 3
      vertex 4.3608 -8.83302 3
    endloop
  endfacet
  facet normal -0 0 1
    outer loop
      vertex 4.16698 -7.3608 3
      vertex 4.25754 -8.74246 3
      vertex 4.25754 -7.25754 3
    endloop
  endfacet
  facet normal 0 0 1
    outer loop
      vertex 4.16698 -7.3608 3
      vertex 4.16698 -8.6392 3
      vertex 4.25754 -8.74246 3
    endloop
  endfacet
  facet normal -0 0 1
    outer loop
      vertex 4.09067 -7.475 3
      vertex 4.16698 -8.6392 3
      vertex 4.16698 -7.3608 3
    endloop
  endfacet
  facet normal 0 0 1
    outer loop
      vertex 4.09067 -7.475 3
      vertex 4.09067 -8.525 3
      vertex 4.16698 -8.6392 3
    endloop
  endfacet
  facet normal -0 0 1
    outer loop
      vertex 4.02993 -7.59818 3
      vertex 4.09067 -8.525 3
      vertex 4.09067 -7.475 3
    endloop
  endfacet
  facet normal 0 0 1
    outer loop
      vertex 4.02993 -7.59818 3
      vertex 4.02993 -8.40182 3
      vertex 4.09067 -8.525 3
    endloop
  endfacet
  facet normal -0 0 1
    outer loop
      vertex 3.98578 -7.72824 3
      vertex 4.02993 -8.40182 3
      vertex 4.02993 -7.59818 3
    endloop
  endfacet
  facet normal 0 0 1
    outer loop
      vertex 3.98578 -7.72824 3
      vertex 3.98578 -8.27176 3
      vertex 4.02993 -8.40182 3
    endloop
  endfacet
  facet normal -0 0 1
    outer loop
      vertex 3.95898 -7.86295 3
      vertex 3.98578 -8.27176 3
      vertex 3.98578 -7.72824 3
    endloop
  endfacet
  facet normal 0 0 1
    outer loop
      vertex 3.95898 -7.86295 3
      vertex 3.95898 -8.13705 3
      vertex 3.98578 -8.27176 3
    endloop
  endfacet
  facet normal 0 -0 1
    outer loop
      vertex 3.95898 -8.13705 3
      vertex 3.95898 -7.86295 3
      vertex 3.95 -8 3
    endloop
  endfacet
  facet normal 0.980779 0.195122 0
    outer loop
      vertex 3.98578 -8.27176 8.2
      vertex 3.95898 -8.13705 3
      vertex 3.95898 -8.13705 8.2
    endloop
  endfacet
  facet normal 0.980779 0.195122 0
    outer loop
      vertex 3.95898 -8.13705 3
      vertex 3.98578 -8.27176 8.2
      vertex 3.98578 -8.27176 3
    endloop
  endfacet
  facet normal 0.946929 0.321443 0
    outer loop
      vertex 4.02993 -8.40182 8.2
      vertex 3.98578 -8.27176 3
      vertex 3.98578 -8.27176 8.2
    endloop
  endfacet
  facet normal 0.946929 0.321443 0
    outer loop
      vertex 3.98578 -8.27176 3
      vertex 4.02993 -8.40182 8.2
      vertex 4.02993 -8.40182 3
    endloop
  endfacet
  facet normal 0.65936 0.751827 -0
    outer loop
      vertex 4.3608 -8.83302 3
      vertex 4.25754 -8.74246 8.2
      vertex 4.3608 -8.83302 8.2
    endloop
  endfacet
  facet normal 0.65936 0.751827 0
    outer loop
      vertex 4.25754 -8.74246 8.2
      vertex 4.3608 -8.83302 3
      vertex 4.25754 -8.74246 3
    endloop
  endfacet
  facet normal -0.751827 0.65936 0
    outer loop
      vertex 5.74246 -8.74246 3
      vertex 5.83302 -8.6392 8.2
      vertex 5.83302 -8.6392 3
    endloop
  endfacet
  facet normal -0.751827 0.65936 0
    outer loop
      vertex 5.83302 -8.6392 8.2
      vertex 5.74246 -8.74246 3
      vertex 5.74246 -8.74246 8.2
    endloop
  endfacet
  facet normal 0.442256 0.896889 -0
    outer loop
      vertex 4.59818 -8.97007 3
      vertex 4.475 -8.90933 8.2
      vertex 4.59818 -8.97007 8.2
    endloop
  endfacet
  facet normal 0.442256 0.896889 0
    outer loop
      vertex 4.475 -8.90933 8.2
      vertex 4.59818 -8.97007 3
      vertex 4.475 -8.90933 3
    endloop
  endfacet
  facet normal 0.321443 0.946929 -0
    outer loop
      vertex 4.72824 -9.01422 3
      vertex 4.59818 -8.97007 8.2
      vertex 4.72824 -9.01422 8.2
    endloop
  endfacet
  facet normal 0.321443 0.946929 0
    outer loop
      vertex 4.59818 -8.97007 8.2
      vertex 4.72824 -9.01422 3
      vertex 4.59818 -8.97007 3
    endloop
  endfacet
  facet normal -0.997859 -0.0654071 0
    outer loop
      vertex 6.05 108 3
      vertex 6.04102 108.137 8.2
      vertex 6.04102 108.137 3
    endloop
  endfacet
  facet normal -0.997859 -0.0654071 0
    outer loop
      vertex 6.04102 108.137 8.2
      vertex 6.05 108 3
      vertex 6.05 108 8.2
    endloop
  endfacet
  facet normal 0.0655283 -0.997851 0
    outer loop
      vertex 4.86295 109.041 3
      vertex 5 109.05 8.2
      vertex 4.86295 109.041 8.2
    endloop
  endfacet
  facet normal 0.0655283 -0.997851 0
    outer loop
      vertex 5 109.05 8.2
      vertex 4.86295 109.041 3
      vertex 5 109.05 3
    endloop
  endfacet
  facet normal -0.661165 -0.750241 0
    outer loop
      vertex 5.6392 108.833 3
      vertex 5.74246 108.742 8.2
      vertex 5.6392 108.833 8.2
    endloop
  endfacet
  facet normal -0.661165 -0.750241 -0
    outer loop
      vertex 5.74246 108.742 8.2
      vertex 5.6392 108.833 3
      vertex 5.74246 108.742 3
    endloop
  endfacet
  facet normal 0.751003 -0.660299 0
    outer loop
      vertex 4.16698 108.639 8.2
      vertex 4.25754 108.742 3
      vertex 4.25754 108.742 8.2
    endloop
  endfacet
  facet normal 0.751003 -0.660299 0
    outer loop
      vertex 4.25754 108.742 3
      vertex 4.16698 108.639 8.2
      vertex 4.16698 108.639 3
    endloop
  endfacet
  facet normal 0.443776 -0.896138 0
    outer loop
      vertex 4.475 108.909 3
      vertex 4.59818 108.97 8.2
      vertex 4.475 108.909 8.2
    endloop
  endfacet
  facet normal 0.443776 -0.896138 0
    outer loop
      vertex 4.59818 108.97 8.2
      vertex 4.475 108.909 3
      vertex 4.59818 108.97 3
    endloop
  endfacet
  facet normal 0.751003 0.660299 0
    outer loop
      vertex 4.25754 107.258 8.2
      vertex 4.16698 107.361 3
      vertex 4.16698 107.361 8.2
    endloop
  endfacet
  facet normal 0.751003 0.660299 0
    outer loop
      vertex 4.16698 107.361 3
      vertex 4.25754 107.258 8.2
      vertex 4.25754 107.258 3
    endloop
  endfacet
  facet normal -0.946884 -0.321576 0
    outer loop
      vertex 6.01422 108.272 3
      vertex 5.97007 108.402 8.2
      vertex 5.97007 108.402 3
    endloop
  endfacet
  facet normal -0.946884 -0.321576 0
    outer loop
      vertex 5.97007 108.402 8.2
      vertex 6.01422 108.272 3
      vertex 6.01422 108.272 8.2
    endloop
  endfacet
  facet normal -0.980859 -0.194719 0
    outer loop
      vertex 6.04102 108.137 3
      vertex 6.01422 108.272 8.2
      vertex 6.01422 108.272 3
    endloop
  endfacet
  facet normal -0.980859 -0.194719 0
    outer loop
      vertex 6.01422 108.272 8.2
      vertex 6.04102 108.137 3
      vertex 6.04102 108.137 8.2
    endloop
  endfacet
  facet normal -0.831006 -0.556264 0
    outer loop
      vertex 5.90933 108.525 3
      vertex 5.83302 108.639 8.2
      vertex 5.83302 108.639 3
    endloop
  endfacet
  facet normal -0.831006 -0.556264 0
    outer loop
      vertex 5.83302 108.639 8.2
      vertex 5.90933 108.525 3
      vertex 5.90933 108.525 8.2
    endloop
  endfacet
  facet normal -0.320463 -0.947261 0
    outer loop
      vertex 5.27176 109.014 3
      vertex 5.40182 108.97 8.2
      vertex 5.27176 109.014 8.2
    endloop
  endfacet
  facet normal -0.320463 -0.947261 -0
    outer loop
      vertex 5.40182 108.97 8.2
      vertex 5.27176 109.014 3
      vertex 5.40182 108.97 3
    endloop
  endfacet
  facet normal -0.196522 -0.980499 0
    outer loop
      vertex 5.13705 109.041 3
      vertex 5.27176 109.014 8.2
      vertex 5.13705 109.041 8.2
    endloop
  endfacet
  facet normal -0.196522 -0.980499 -0
    outer loop
      vertex 5.27176 109.014 8.2
      vertex 5.13705 109.041 3
      vertex 5.27176 109.014 3
    endloop
  endfacet
  facet normal -0.554027 -0.832499 0
    outer loop
      vertex 5.525 108.909 3
      vertex 5.6392 108.833 8.2
      vertex 5.525 108.909 8.2
    endloop
  endfacet
  facet normal -0.554027 -0.832499 -0
    outer loop
      vertex 5.6392 108.833 8.2
      vertex 5.525 108.909 3
      vertex 5.6392 108.833 3
    endloop
  endfacet
  facet normal 0.896632 -0.442776 0
    outer loop
      vertex 4.02993 108.402 8.2
      vertex 4.09067 108.525 3
      vertex 4.09067 108.525 8.2
    endloop
  endfacet
  facet normal 0.896632 -0.442776 0
    outer loop
      vertex 4.09067 108.525 3
      vertex 4.02993 108.402 8.2
      vertex 4.02993 108.402 3
    endloop
  endfacet
  facet normal 0.831006 -0.556264 0
    outer loop
      vertex 4.09067 108.525 8.2
      vertex 4.16698 108.639 3
      vertex 4.16698 108.639 8.2
    endloop
  endfacet
  facet normal 0.831006 -0.556264 0
    outer loop
      vertex 4.16698 108.639 3
      vertex 4.09067 108.525 8.2
      vertex 4.09067 108.525 3
    endloop
  endfacet
  facet normal 0.980859 -0.194719 0
    outer loop
      vertex 3.95898 108.137 8.2
      vertex 3.98578 108.272 3
      vertex 3.98578 108.272 8.2
    endloop
  endfacet
  facet normal 0.980859 -0.194719 0
    outer loop
      vertex 3.98578 108.272 3
      vertex 3.95898 108.137 8.2
      vertex 3.95898 108.137 3
    endloop
  endfacet
  facet normal 0.997859 0.0654071 0
    outer loop
      vertex 3.95898 107.863 8.2
      vertex 3.95 108 3
      vertex 3.95 108 8.2
    endloop
  endfacet
  facet normal 0.997859 0.0654071 0
    outer loop
      vertex 3.95 108 3
      vertex 3.95898 107.863 8.2
      vertex 3.95898 107.863 3
    endloop
  endfacet
  facet normal 0.554027 -0.832499 0
    outer loop
      vertex 4.3608 108.833 3
      vertex 4.475 108.909 8.2
      vertex 4.3608 108.833 8.2
    endloop
  endfacet
  facet normal 0.554027 -0.832499 0
    outer loop
      vertex 4.475 108.909 8.2
      vertex 4.3608 108.833 3
      vertex 4.475 108.909 3
    endloop
  endfacet
  facet normal 0.196522 -0.980499 0
    outer loop
      vertex 4.72824 109.014 3
      vertex 4.86295 109.041 8.2
      vertex 4.72824 109.014 8.2
    endloop
  endfacet
  facet normal 0.196522 -0.980499 0
    outer loop
      vertex 4.86295 109.041 8.2
      vertex 4.72824 109.014 3
      vertex 4.86295 109.041 3
    endloop
  endfacet
  facet normal -0.896632 0.442776 0
    outer loop
      vertex 5.90933 107.475 3
      vertex 5.97007 107.598 8.2
      vertex 5.97007 107.598 3
    endloop
  endfacet
  facet normal -0.896632 0.442776 0
    outer loop
      vertex 5.97007 107.598 8.2
      vertex 5.90933 107.475 3
      vertex 5.90933 107.475 8.2
    endloop
  endfacet
  facet normal -0.320463 0.947261 0
    outer loop
      vertex 5.40182 107.03 3
      vertex 5.27176 106.986 8.2
      vertex 5.40182 107.03 8.2
    endloop
  endfacet
  facet normal -0.320463 0.947261 0
    outer loop
      vertex 5.27176 106.986 8.2
      vertex 5.40182 107.03 3
      vertex 5.27176 106.986 3
    endloop
  endfacet
  facet normal -0.196522 0.980499 0
    outer loop
      vertex 5.27176 106.986 3
      vertex 5.13705 106.959 8.2
      vertex 5.27176 106.986 8.2
    endloop
  endfacet
  facet normal -0.196522 0.980499 0
    outer loop
      vertex 5.13705 106.959 8.2
      vertex 5.27176 106.986 3
      vertex 5.13705 106.959 3
    endloop
  endfacet
  facet normal -0.751003 0.660299 0
    outer loop
      vertex 5.74246 107.258 3
      vertex 5.83302 107.361 8.2
      vertex 5.83302 107.361 3
    endloop
  endfacet
  facet normal -0.751003 0.660299 0
    outer loop
      vertex 5.83302 107.361 8.2
      vertex 5.74246 107.258 3
      vertex 5.74246 107.258 8.2
    endloop
  endfacet
  facet normal -0.554027 0.832499 0
    outer loop
      vertex 5.6392 107.167 3
      vertex 5.525 107.091 8.2
      vertex 5.6392 107.167 8.2
    endloop
  endfacet
  facet normal -0.554027 0.832499 0
    outer loop
      vertex 5.525 107.091 8.2
      vertex 5.6392 107.167 3
      vertex 5.525 107.091 3
    endloop
  endfacet
  facet normal -0.831006 0.556264 0
    outer loop
      vertex 5.83302 107.361 3
      vertex 5.90933 107.475 8.2
      vertex 5.90933 107.475 3
    endloop
  endfacet
  facet normal -0.831006 0.556264 0
    outer loop
      vertex 5.90933 107.475 8.2
      vertex 5.83302 107.361 3
      vertex 5.83302 107.361 8.2
    endloop
  endfacet
  facet normal -0.980859 0.194719 0
    outer loop
      vertex 6.01422 107.728 3
      vertex 6.04102 107.863 8.2
      vertex 6.04102 107.863 3
    endloop
  endfacet
  facet normal -0.980859 0.194719 0
    outer loop
      vertex 6.04102 107.863 8.2
      vertex 6.01422 107.728 3
      vertex 6.01422 107.728 8.2
    endloop
  endfacet
  facet normal 0.196522 0.980499 -0
    outer loop
      vertex 4.86295 106.959 3
      vertex 4.72824 106.986 8.2
      vertex 4.86295 106.959 8.2
    endloop
  endfacet
  facet normal 0.196522 0.980499 0
    outer loop
      vertex 4.72824 106.986 8.2
      vertex 4.86295 106.959 3
      vertex 4.72824 106.986 3
    endloop
  endfacet
  facet normal 0.554027 0.832499 -0
    outer loop
      vertex 4.475 107.091 3
      vertex 4.3608 107.167 8.2
      vertex 4.475 107.091 8.2
    endloop
  endfacet
  facet normal 0.554027 0.832499 0
    outer loop
      vertex 4.3608 107.167 8.2
      vertex 4.475 107.091 3
      vertex 4.3608 107.167 3
    endloop
  endfacet
  facet normal 0.443776 0.896138 -0
    outer loop
      vertex 4.59818 107.03 3
      vertex 4.475 107.091 8.2
      vertex 4.59818 107.03 8.2
    endloop
  endfacet
  facet normal 0.443776 0.896138 0
    outer loop
      vertex 4.475 107.091 8.2
      vertex 4.59818 107.03 3
      vertex 4.475 107.091 3
    endloop
  endfacet
  facet normal 0.980859 0.194719 0
    outer loop
      vertex 3.98578 107.728 8.2
      vertex 3.95898 107.863 3
      vertex 3.95898 107.863 8.2
    endloop
  endfacet
  facet normal 0.980859 0.194719 0
    outer loop
      vertex 3.95898 107.863 3
      vertex 3.98578 107.728 8.2
      vertex 3.98578 107.728 3
    endloop
  endfacet
  facet normal 0.831006 0.556264 0
    outer loop
      vertex 4.16698 107.361 8.2
      vertex 4.09067 107.475 3
      vertex 4.09067 107.475 8.2
    endloop
  endfacet
  facet normal 0.831006 0.556264 0
    outer loop
      vertex 4.09067 107.475 3
      vertex 4.16698 107.361 8.2
      vertex 4.16698 107.361 3
    endloop
  endfacet
  facet normal -0.896632 -0.442776 0
    outer loop
      vertex 5.97007 108.402 3
      vertex 5.90933 108.525 8.2
      vertex 5.90933 108.525 3
    endloop
  endfacet
  facet normal -0.896632 -0.442776 0
    outer loop
      vertex 5.90933 108.525 8.2
      vertex 5.97007 108.402 3
      vertex 5.97007 108.402 8.2
    endloop
  endfacet
  facet normal 0 0 1
    outer loop
      vertex 6.04102 108.137 3
      vertex 6.04102 107.863 3
      vertex 6.05 108 3
    endloop
  endfacet
  facet normal 0 0 1
    outer loop
      vertex 6.01422 108.272 3
      vertex 6.04102 107.863 3
      vertex 6.04102 108.137 3
    endloop
  endfacet
  facet normal 0 0 1
    outer loop
      vertex 6.01422 108.272 3
      vertex 6.01422 107.728 3
      vertex 6.04102 107.863 3
    endloop
  endfacet
  facet normal 0 0 1
    outer loop
      vertex 5.97007 108.402 3
      vertex 6.01422 107.728 3
      vertex 6.01422 108.272 3
    endloop
  endfacet
  facet normal 0 0 1
    outer loop
      vertex 5.97007 108.402 3
      vertex 5.97007 107.598 3
      vertex 6.01422 107.728 3
    endloop
  endfacet
  facet normal 0 0 1
    outer loop
      vertex 5.90933 108.525 3
      vertex 5.97007 107.598 3
      vertex 5.97007 108.402 3
    endloop
  endfacet
  facet normal 0 0 1
    outer loop
      vertex 5.90933 108.525 3
      vertex 5.90933 107.475 3
      vertex 5.97007 107.598 3
    endloop
  endfacet
  facet normal 0 0 1
    outer loop
      vertex 5.83302 108.639 3
      vertex 5.90933 107.475 3
      vertex 5.90933 108.525 3
    endloop
  endfacet
  facet normal 0 0 1
    outer loop
      vertex 5.83302 108.639 3
      vertex 5.83302 107.361 3
      vertex 5.90933 107.475 3
    endloop
  endfacet
  facet normal 0 0 1
    outer loop
      vertex 5.74246 108.742 3
      vertex 5.83302 107.361 3
      vertex 5.83302 108.639 3
    endloop
  endfacet
  facet normal 0 0 1
    outer loop
      vertex 5.74246 108.742 3
      vertex 5.74246 107.258 3
      vertex 5.83302 107.361 3
    endloop
  endfacet
  facet normal 0 0 1
    outer loop
      vertex 5.6392 108.833 3
      vertex 5.74246 107.258 3
      vertex 5.74246 108.742 3
    endloop
  endfacet
  facet normal 0 0 1
    outer loop
      vertex 5.6392 108.833 3
      vertex 5.6392 107.167 3
      vertex 5.74246 107.258 3
    endloop
  endfacet
  facet normal 0 0 1
    outer loop
      vertex 5.525 108.909 3
      vertex 5.6392 107.167 3
      vertex 5.6392 108.833 3
    endloop
  endfacet
  facet normal 0 0 1
    outer loop
      vertex 5.525 108.909 3
      vertex 5.525 107.091 3
      vertex 5.6392 107.167 3
    endloop
  endfacet
  facet normal 0 0 1
    outer loop
      vertex 5.40182 108.97 3
      vertex 5.525 107.091 3
      vertex 5.525 108.909 3
    endloop
  endfacet
  facet normal 0 0 1
    outer loop
      vertex 5.40182 108.97 3
      vertex 5.40182 107.03 3
      vertex 5.525 107.091 3
    endloop
  endfacet
  facet normal 0 0 1
    outer loop
      vertex 5.27176 109.014 3
      vertex 5.40182 107.03 3
      vertex 5.40182 108.97 3
    endloop
  endfacet
  facet normal 0 0 1
    outer loop
      vertex 5.27176 109.014 3
      vertex 5.27176 106.986 3
      vertex 5.40182 107.03 3
    endloop
  endfacet
  facet normal 0 0 1
    outer loop
      vertex 5.13705 109.041 3
      vertex 5.27176 106.986 3
      vertex 5.27176 109.014 3
    endloop
  endfacet
  facet normal 0 0 1
    outer loop
      vertex 5.13705 109.041 3
      vertex 5.13705 106.959 3
      vertex 5.27176 106.986 3
    endloop
  endfacet
  facet normal 0 0 1
    outer loop
      vertex 5 109.05 3
      vertex 5.13705 106.959 3
      vertex 5.13705 109.041 3
    endloop
  endfacet
  facet normal 0 0 1
    outer loop
      vertex 5 109.05 3
      vertex 5 106.95 3
      vertex 5.13705 106.959 3
    endloop
  endfacet
  facet normal -0 0 1
    outer loop
      vertex 4.86295 109.041 3
      vertex 5 106.95 3
      vertex 5 109.05 3
    endloop
  endfacet
  facet normal 0 0 1
    outer loop
      vertex 4.86295 109.041 3
      vertex 4.86295 106.959 3
      vertex 5 106.95 3
    endloop
  endfacet
  facet normal -0 0 1
    outer loop
      vertex 4.72824 109.014 3
      vertex 4.86295 106.959 3
      vertex 4.86295 109.041 3
    endloop
  endfacet
  facet normal 0 0 1
    outer loop
      vertex 4.72824 109.014 3
      vertex 4.72824 106.986 3
      vertex 4.86295 106.959 3
    endloop
  endfacet
  facet normal -0 0 1
    outer loop
      vertex 4.59818 108.97 3
      vertex 4.72824 106.986 3
      vertex 4.72824 109.014 3
    endloop
  endfacet
  facet normal 0 0 1
    outer loop
      vertex 4.59818 108.97 3
      vertex 4.59818 107.03 3
      vertex 4.72824 106.986 3
    endloop
  endfacet
  facet normal -0 0 1
    outer loop
      vertex 4.475 108.909 3
      vertex 4.59818 107.03 3
      vertex 4.59818 108.97 3
    endloop
  endfacet
  facet normal 0 0 1
    outer loop
      vertex 4.475 108.909 3
      vertex 4.475 107.091 3
      vertex 4.59818 107.03 3
    endloop
  endfacet
  facet normal -0 0 1
    outer loop
      vertex 4.3608 108.833 3
      vertex 4.475 107.091 3
      vertex 4.475 108.909 3
    endloop
  endfacet
  facet normal 0 0 1
    outer loop
      vertex 4.3608 108.833 3
      vertex 4.3608 107.167 3
      vertex 4.475 107.091 3
    endloop
  endfacet
  facet normal -0 0 1
    outer loop
      vertex 4.25754 108.742 3
      vertex 4.3608 107.167 3
      vertex 4.3608 108.833 3
    endloop
  endfacet
  facet normal 0 0 1
    outer loop
      vertex 4.25754 108.742 3
      vertex 4.25754 107.258 3
      vertex 4.3608 107.167 3
    endloop
  endfacet
  facet normal -0 0 1
    outer loop
      vertex 4.16698 108.639 3
      vertex 4.25754 107.258 3
      vertex 4.25754 108.742 3
    endloop
  endfacet
  facet normal 0 0 1
    outer loop
      vertex 4.16698 108.639 3
      vertex 4.16698 107.361 3
      vertex 4.25754 107.258 3
    endloop
  endfacet
  facet normal -0 0 1
    outer loop
      vertex 4.09067 108.525 3
      vertex 4.16698 107.361 3
      vertex 4.16698 108.639 3
    endloop
  endfacet
  facet normal 0 0 1
    outer loop
      vertex 4.09067 108.525 3
      vertex 4.09067 107.475 3
      vertex 4.16698 107.361 3
    endloop
  endfacet
  facet normal -0 0 1
    outer loop
      vertex 4.02993 108.402 3
      vertex 4.09067 107.475 3
      vertex 4.09067 108.525 3
    endloop
  endfacet
  facet normal 0 0 1
    outer loop
      vertex 4.02993 108.402 3
      vertex 4.02993 107.598 3
      vertex 4.09067 107.475 3
    endloop
  endfacet
  facet normal -0 0 1
    outer loop
      vertex 3.98578 108.272 3
      vertex 4.02993 107.598 3
      vertex 4.02993 108.402 3
    endloop
  endfacet
  facet normal 0 0 1
    outer loop
      vertex 3.98578 108.272 3
      vertex 3.98578 107.728 3
      vertex 4.02993 107.598 3
    endloop
  endfacet
  facet normal -0 0 1
    outer loop
      vertex 3.95898 108.137 3
      vertex 3.98578 107.728 3
      vertex 3.98578 108.272 3
    endloop
  endfacet
  facet normal 0 0 1
    outer loop
      vertex 3.95898 108.137 3
      vertex 3.95898 107.863 3
      vertex 3.98578 107.728 3
    endloop
  endfacet
  facet normal 0 -0 1
    outer loop
      vertex 3.95898 107.863 3
      vertex 3.95898 108.137 3
      vertex 3.95 108 3
    endloop
  endfacet
  facet normal 0.946884 -0.321576 0
    outer loop
      vertex 3.98578 108.272 8.2
      vertex 4.02993 108.402 3
      vertex 4.02993 108.402 8.2
    endloop
  endfacet
  facet normal 0.946884 -0.321576 0
    outer loop
      vertex 4.02993 108.402 3
      vertex 3.98578 108.272 8.2
      vertex 3.98578 108.272 3
    endloop
  endfacet
  facet normal -0.997859 0.0654071 0
    outer loop
      vertex 6.04102 107.863 3
      vertex 6.05 108 8.2
      vertex 6.05 108 3
    endloop
  endfacet
  facet normal -0.997859 0.0654071 0
    outer loop
      vertex 6.05 108 8.2
      vertex 6.04102 107.863 3
      vertex 6.04102 107.863 8.2
    endloop
  endfacet
  facet normal -0.661165 0.750241 0
    outer loop
      vertex 5.74246 107.258 3
      vertex 5.6392 107.167 8.2
      vertex 5.74246 107.258 8.2
    endloop
  endfacet
  facet normal -0.661165 0.750241 0
    outer loop
      vertex 5.6392 107.167 8.2
      vertex 5.74246 107.258 3
      vertex 5.6392 107.167 3
    endloop
  endfacet
  facet normal 0.0655283 0.997851 -0
    outer loop
      vertex 5 106.95 3
      vertex 4.86295 106.959 8.2
      vertex 5 106.95 8.2
    endloop
  endfacet
  facet normal 0.0655283 0.997851 0
    outer loop
      vertex 4.86295 106.959 8.2
      vertex 5 106.95 3
      vertex 4.86295 106.959 3
    endloop
  endfacet
  facet normal 0.320463 0.947261 -0
    outer loop
      vertex 4.72824 106.986 3
      vertex 4.59818 107.03 8.2
      vertex 4.72824 106.986 8.2
    endloop
  endfacet
  facet normal 0.320463 0.947261 0
    outer loop
      vertex 4.59818 107.03 8.2
      vertex 4.72824 106.986 3
      vertex 4.59818 107.03 3
    endloop
  endfacet
  facet normal -0.0655283 0.997851 0
    outer loop
      vertex 5.13705 106.959 3
      vertex 5 106.95 8.2
      vertex 5.13705 106.959 8.2
    endloop
  endfacet
  facet normal -0.0655283 0.997851 0
    outer loop
      vertex 5 106.95 8.2
      vertex 5.13705 106.959 3
      vertex 5 106.95 3
    endloop
  endfacet
  facet normal 0.661165 0.750241 -0
    outer loop
      vertex 4.3608 107.167 3
      vertex 4.25754 107.258 8.2
      vertex 4.3608 107.167 8.2
    endloop
  endfacet
  facet normal 0.661165 0.750241 0
    outer loop
      vertex 4.25754 107.258 8.2
      vertex 4.3608 107.167 3
      vertex 4.25754 107.258 3
    endloop
  endfacet
  facet normal 0.946884 0.321576 0
    outer loop
      vertex 4.02993 107.598 8.2
      vertex 3.98578 107.728 3
      vertex 3.98578 107.728 8.2
    endloop
  endfacet
  facet normal 0.946884 0.321576 0
    outer loop
      vertex 3.98578 107.728 3
      vertex 4.02993 107.598 8.2
      vertex 4.02993 107.598 3
    endloop
  endfacet
  facet normal 0.896632 0.442776 0
    outer loop
      vertex 4.09067 107.475 8.2
      vertex 4.02993 107.598 3
      vertex 4.02993 107.598 8.2
    endloop
  endfacet
  facet normal 0.896632 0.442776 0
    outer loop
      vertex 4.02993 107.598 3
      vertex 4.09067 107.475 8.2
      vertex 4.09067 107.475 3
    endloop
  endfacet
  facet normal -0.751003 -0.660299 0
    outer loop
      vertex 5.83302 108.639 3
      vertex 5.74246 108.742 8.2
      vertex 5.74246 108.742 3
    endloop
  endfacet
  facet normal -0.751003 -0.660299 0
    outer loop
      vertex 5.74246 108.742 8.2
      vertex 5.83302 108.639 3
      vertex 5.83302 108.639 8.2
    endloop
  endfacet
  facet normal -0.0655283 -0.997851 0
    outer loop
      vertex 5 109.05 3
      vertex 5.13705 109.041 8.2
      vertex 5 109.05 8.2
    endloop
  endfacet
  facet normal -0.0655283 -0.997851 -0
    outer loop
      vertex 5.13705 109.041 8.2
      vertex 5 109.05 3
      vertex 5.13705 109.041 3
    endloop
  endfacet
  facet normal -0.443776 -0.896138 0
    outer loop
      vertex 5.40182 108.97 3
      vertex 5.525 108.909 8.2
      vertex 5.40182 108.97 8.2
    endloop
  endfacet
  facet normal -0.443776 -0.896138 -0
    outer loop
      vertex 5.525 108.909 8.2
      vertex 5.40182 108.97 3
      vertex 5.525 108.909 3
    endloop
  endfacet
  facet normal 0.997859 -0.0654071 0
    outer loop
      vertex 3.95 108 8.2
      vertex 3.95898 108.137 3
      vertex 3.95898 108.137 8.2
    endloop
  endfacet
  facet normal 0.997859 -0.0654071 0
    outer loop
      vertex 3.95898 108.137 3
      vertex 3.95 108 8.2
      vertex 3.95 108 3
    endloop
  endfacet
  facet normal 0.661165 -0.750241 0
    outer loop
      vertex 4.25754 108.742 3
      vertex 4.3608 108.833 8.2
      vertex 4.25754 108.742 8.2
    endloop
  endfacet
  facet normal 0.661165 -0.750241 0
    outer loop
      vertex 4.3608 108.833 8.2
      vertex 4.25754 108.742 3
      vertex 4.3608 108.833 3
    endloop
  endfacet
  facet normal 0.320463 -0.947261 0
    outer loop
      vertex 4.59818 108.97 3
      vertex 4.72824 109.014 8.2
      vertex 4.59818 108.97 8.2
    endloop
  endfacet
  facet normal 0.320463 -0.947261 0
    outer loop
      vertex 4.72824 109.014 8.2
      vertex 4.59818 108.97 3
      vertex 4.72824 109.014 3
    endloop
  endfacet
  facet normal -0.443776 0.896138 0
    outer loop
      vertex 5.525 107.091 3
      vertex 5.40182 107.03 8.2
      vertex 5.525 107.091 8.2
    endloop
  endfacet
  facet normal -0.443776 0.896138 0
    outer loop
      vertex 5.40182 107.03 8.2
      vertex 5.525 107.091 3
      vertex 5.40182 107.03 3
    endloop
  endfacet
  facet normal -0.946884 0.321576 0
    outer loop
      vertex 5.97007 107.598 3
      vertex 6.01422 107.728 8.2
      vertex 6.01422 107.728 3
    endloop
  endfacet
  facet normal -0.946884 0.321576 0
    outer loop
      vertex 6.01422 107.728 8.2
      vertex 5.97007 107.598 3
      vertex 5.97007 107.598 8.2
    endloop
  endfacet
  facet normal -0 0 1
    outer loop
      vertex 165.4 94 3.5
      vertex 167.6 0 3.5
      vertex 167.6 94 3.5
    endloop
  endfacet
  facet normal 0 0 1
    outer loop
      vertex 167.6 0 3.5
      vertex 165.4 94 3.5
      vertex 165.4 0 3.5
    endloop
  endfacet
  facet normal 0 1 -0
    outer loop
      vertex 167.6 0 3.5
      vertex 165.4 0 9.6
      vertex 167.6 0 9.6
    endloop
  endfacet
  facet normal 0 1 0
    outer loop
      vertex 165.4 0 9.6
      vertex 167.6 0 3.5
      vertex 165.4 0 3.5
    endloop
  endfacet
  facet normal 0 -1 0
    outer loop
      vertex 165.4 94 3.5
      vertex 167.6 94 9.6
      vertex 165.4 94 9.6
    endloop
  endfacet
  facet normal 0 -1 -0
    outer loop
      vertex 167.6 94 9.6
      vertex 165.4 94 3.5
      vertex 167.6 94 3.5
    endloop
  endfacet
  facet normal 0 0.849137 -0.528172
    outer loop
      vertex 159.8 8.2 0.00999928
      vertex 3.4378 9.4378 2
      vertex 158.562 9.4378 2
    endloop
  endfacet
  facet normal 0 0.849137 -0.528172
    outer loop
      vertex 3.4378 9.4378 2
      vertex 159.8 8.2 0.00999928
      vertex 2.2 8.2 0.00999928
    endloop
  endfacet
  facet normal 0.849137 0 -0.528172
    outer loop
      vertex 3.4378 9.4378 2
      vertex 2.2 97.8 0.00999928
      vertex 3.4378 96.5622 2
    endloop
  endfacet
  facet normal 0.849137 0 -0.528172
    outer loop
      vertex 2.2 97.8 0.00999928
      vertex 3.4378 9.4378 2
      vertex 2.2 8.2 0.00999928
    endloop
  endfacet
  facet normal 1 -0 0
    outer loop
      vertex 2.2 8.2 0.00999928
      vertex 2.2 97.8 0
      vertex 2.2 97.8 0.00999928
    endloop
  endfacet
  facet normal 1 0 0
    outer loop
      vertex 2.2 97.8 0
      vertex 2.2 8.2 0.00999928
      vertex 2.2 8.2 0
    endloop
  endfacet
  facet normal 0 1 -0
    outer loop
      vertex 159.8 8.2 0
      vertex 2.2 8.2 0.00999928
      vertex 159.8 8.2 0.00999928
    endloop
  endfacet
  facet normal 0 1 0
    outer loop
      vertex 2.2 8.2 0.00999928
      vertex 159.8 8.2 0
      vertex 2.2 8.2 0
    endloop
  endfacet
  facet normal 0 -0.849137 -0.528172
    outer loop
      vertex 2.2 97.8 0.00999928
      vertex 158.562 96.5622 2
      vertex 3.4378 96.5622 2
    endloop
  endfacet
  facet normal 0 -0.849137 -0.528172
    outer loop
      vertex 158.562 96.5622 2
      vertex 2.2 97.8 0.00999928
      vertex 159.8 97.8 0.00999928
    endloop
  endfacet
  facet normal 0 -1 0
    outer loop
      vertex 2.2 97.8 0
      vertex 159.8 97.8 0.00999928
      vertex 2.2 97.8 0.00999928
    endloop
  endfacet
  facet normal 0 -1 -0
    outer loop
      vertex 159.8 97.8 0.00999928
      vertex 2.2 97.8 0
      vertex 159.8 97.8 0
    endloop
  endfacet
  facet normal -1 0 0
    outer loop
      vertex 159.8 8.2 0
      vertex 159.8 97.8 0.00999928
      vertex 159.8 97.8 0
    endloop
  endfacet
  facet normal -1 -0 0
    outer loop
      vertex 159.8 97.8 0.00999928
      vertex 159.8 8.2 0
      vertex 159.8 8.2 0.00999928
    endloop
  endfacet
  facet normal -0.849099 0 -0.528233
    outer loop
      vertex 159.8 97.8 0.00999928
      vertex 158.562 9.4378 2
      vertex 158.562 96.5622 2
    endloop
  endfacet
  facet normal -0.849099 0 -0.528233
    outer loop
      vertex 158.562 9.4378 2
      vertex 159.8 97.8 0.00999928
      vertex 159.8 8.2 0.00999928
    endloop
  endfacet
endsolid OpenSCAD_Model
